date,mjd,jd,x,y,x_err,y_err
1909.5,18489.614408419468,2418490.1144084195,-0.984807753012208,-0.1736481776669307,0.15768578535353214,0.04420025765294383
1910.3,18781.808167444076,2418782.308167444,-0.7999999998781531,-1.3962634015484972e-05,0.15999999997637293,0.02792526816728235
1912.66,19643.77975656744,2419644.2797565674,-0.6451549985668593,-0.07921507321334591,0.07945182348582551,0.024539991528457452
1926.25,24607.421238001436,2424607.9212380014,-0.4002813629191726,-0.0887402417146223,0.07816508274613047,0.022249597577375584
1930.39,26119.523940954823,2426120.023940955,-0.35900941872211867,-0.08951110137187705,0.07768651726858875,0.023056745948907546
1936.32,28285.410179725848,2428285.910179726,-0.20895688083114602,-0.09610942697424764,0.07275804097435867,0.034215851876000576
1937.83,28836.92589988513,2428837.425899885,-0.21908020253593025,-0.0979993104915324,0.07310681174096502,0.03354963383689838
1937.98,28891.71222970262,2428892.2122297026,-0.16066544732138255,-0.08115795732409758,0.07146303958427878,0.0365035942200239
1959.25,36660.41379777435,2436660.9137977744,0.17651063853839033,-0.035270305963653215,0.07845883292733725,0.016843098090450526
1960.27,37032.96084053069,2437033.4608405307,0.2,0.0,0.08,0.006981317007977318
1963.85,38340.5279121669,2438341.027912167,0.25993307842390156,-0.005898706728923248,0.0799796737907031,0.00925312545268067
1964.35,38523.149011557456,2438523.6490115575,0.2999447136364933,0.0057592327199069,0.07998550961045504,0.010582085025127034
1967.28,39593.308653985616,2439593.8086539856,0.3198240691013623,0.010609657084328409,0.07995687497244292,0.011474730488589574
1976.13,42825.70211319765,2442826.2021131977,0.519616716533523,0.019961660725510373,0.07994407000008877,0.018396191808692675
1979.21,43950.64808544284,2443951.148085443,0.58989127015177,0.011326491015816904,0.07998623412348213,0.020648284336828446
1991.25,48348.16415876616,2448348.664158766,0.7740075018177444,0.03920952855945282,0.07990927060019357,0.027319440389265058
1991.3882,48398.64063063776,2448399.1406306378,0.7757884737693993,0.04337330937968827,0.07988960871131003,0.027445872201032645
1996.1826,50149.75782847358,2450150.2578284736,0.8058190929532529,0.04364160207871366,0.01998525366146227,0.014105723168476093
2004.086,53036.41302231932,2453036.9130223193,0.7789310371085676,0.04082204586949619,0.010011679242140038,0.013604981328569906
2006.1913,53805.35742341261,2453805.8574234126,0.7434471356127733,0.0480765696484537,0.010014371552292612,0.01299163753457394
2009.2638,54927.56407916732,2454928.0640791673,0.708580155406724,0.05738443485635166,0.0019959878666489387,0.001247198591789211
2009.2638,54927.56407916732,2454928.0640791673,0.7090785237816057,0.05742479526910758,0.0019959914025398815,0.0012480610958356421
2009.2638,54927.56407916732,2454928.0640791673,0.678340512201203,0.05541217832398908,0.001995705042631007,0.0011950728457625836
2011.0355,55574.66368274763,2455575.1636827476,0.6779371346808617,0.06014649965461995,0.001994938812620148,0.0011963514775197232
2011.0355,55574.66368274763,2455575.1636827476,0.6804217163166754,0.05928986392858299,0.0019951355001885628,0.0012001837739597022
2011.5097,55747.861533409916,2455748.36153341,0.6131188173154333,0.03288336743285885,0.08787496692631354,0.009960336355045294
2013.1272,56338.64078993769,2456339.1407899377,0.6234741124364703,0.0604730611227473,0.0019934541494848763,0.0011051647502933924
2013.1272,56338.64078993769,2456339.1407899377,0.6225783162979122,0.06038617454067439,0.001993446126205422,0.0011036253704838634
2014.0581,56678.644752783235,2456679.1447527832,0.5970633715973368,0.05055660487829869,0.0019948208883546793,0.0010556467008130768
2015.1696,57084.611456728075,2457085.111456728,0.5649927545438688,0.05738987117019522,0.0019922809466416894,0.0010065979928124385
2015.1696,57084.611456728075,2457085.111456728,0.565490080408965,0.05644341377931005,0.001992547874105559,0.0010067573114372693
2016.0485,57405.62282523699,2457406.122825237,0.5393882893429538,0.05612097040930414,0.0019916716414032478,0.0009638938115254931
2016.9603,57738.65066208551,2457739.1506620855,0.507712604456674,0.05031849834624371,0.0019921860269670605,0.0009078140141051812
2018.0856,58149.65770837385,2458150.157708374,0.4656619415432426,0.0558565680844939,0.001988156783530593,0.0008469191973490327
2018.22,58198.74625989003,2458199.24625989,0.3977878741683459,0.1659090327999902,0.10389376795879121,0.049834124980631056
2019.1399,58534.73255854845,2458535.2325585485,0.42498200684046283,0.0490217692648159,0.00198866702429958,0.0007763326977203986
2019.9503,58830.72483644076,2458831.2248364408,0.389538488961498,0.04893389027650359,0.001986240934292013,0.0007241327777757521
2020.9961,59212.695127925836,2459213.195127926,0.35200143833705094,0.04903210589651751,0.0019827224014876614,0.000673477232566377
2021.3159,59329.49958309578,2459329.999583096,0.33869300229682736,0.04290699471136701,0.001985554494688201,0.0006423527179320676
2022.2018,59653.06764699612,2459653.567646996,0.30067018484851854,0.04279170413944386,0.00021162186677970606,0.0005255245685529305
2022.2018,59653.06764699612,2459653.567646996,0.2997042427188785,0.04318804112602893,0.00021182073697351925,0.0005238598169874847
2022.2881,59684.588048751,2459685.088048751,0.2948519582349033,0.045224028182403724,0.001978457158115811,0.000597297795969443
2022.2881,59684.588048751,2459685.088048751,0.2964493166539242,0.04536311999214104,0.0019785724937053844,0.0005993528384602554
2023.0099,59948.219867831096,2459948.719867831,0.2632359220571524,0.04028075643183447,0.0001213002024368341,0.000459682288097686
2023.0099,59948.219867831096,2459948.719867831,0.2638369691638435,0.042259835570397995,0.00012324773253135493,0.0004607539061895476
2023.0095,59948.07377095148,2459948.5737709515,0.26348294148237167,0.04319420734076643,0.0019750942753717715,0.0005622822385469818
2024.02,60317.151012819726,2460317.6510128197,0.22199856176407037,0.03958394339481906,0.001970156816880237,0.0005228583330171041
2025.0426,60690.64768529311,2460691.147685293,0.16830466315674605,0.036419505209355024,0.0019557911941166487,0.0005149840008361948
2025.9325,61015.676717988215,2461016.176717988,0.12785800007576315,0.03589111055158578,0.001926590937618133,0.0005847813265259042
