JD,year,rho_lo,rho_med,rho_hi,theta_lo,theta_med,theta_hi
2415154.8925,1900.3684650362122,0.8291674237753143,1.1041479747910272,1.3235421116139414,183.6470501055509,184.3327928386819,184.79496468037289
2415379.406823308,1900.9831648821157,0.8579601769375754,1.1229721486580522,1.3347734962878006,183.73225633956244,184.38183924206928,184.82893180678235
2415603.921146617,1901.5978647280206,0.8854686621449906,1.140994785806082,1.345474843790965,183.81152145605293,184.4293250080979,184.8624057148407
2415828.435469925,1902.212564573924,0.9119355882236412,1.1580307802648973,1.3553133173570175,183.88984398268624,184.47623422208363,184.89662240514286
2416052.949793233,1902.8272644198275,0.9373240765006574,1.1741369043375893,1.3644120049544357,183.9635294584731,184.52232304220323,184.93090504761153
2416277.464116541,1903.441964265731,0.9615422409143369,1.1894957620328883,1.3729474514468671,184.03198107430484,184.56710231565984,184.96376688454632
2416501.97843985,1904.0566641116357,0.984510485215014,1.2041379370204022,1.380931404756612,184.0964860800266,184.6106234318285,184.99645867457943
2416726.492763158,1904.6713639575391,1.0063829288598678,1.2178773995275725,1.3883298402918054,184.1601183679528,184.65322820277558,185.02946138182682
2416951.007086466,1905.2860638034426,1.027347725791929,1.2308125057286008,1.395212822163244,184.221018956584,184.6947226372026,185.06194800330292
2417175.5214097747,1905.9007636493475,1.0473185061642818,1.243060491751772,1.4015265249923883,184.27917156435163,184.73591965503542,185.09361113301748
2417400.035733083,1906.515463495251,1.0664007777948898,1.2546478344012073,1.4072148185473716,184.33506177839314,184.77521580016227,185.1251410227827
2417624.550056391,1907.1301633411545,1.084524789927576,1.2656111591295423,1.4124225979300276,184.38934712255502,184.81531026951723,185.15668716323313
2417849.0643796995,1907.7448631870593,1.1016225053677826,1.2757700563205239,1.417151583843569,184.4421485221879,184.85400564647512,185.1879087354641
2418073.5787030077,1908.3595630329628,1.11775116461028,1.28528813521537,1.4212660539621507,184.49299102667052,184.89229932914503,185.21857348006435
2418298.093026316,1908.9742628788663,1.1329551774657285,1.2941387383985887,1.4248944113779556,184.5424503510427,184.92989371785075,185.24926754829872
2418522.607349624,1909.5889627247698,1.1474504853494039,1.3023455351890258,1.4283208322348286,184.5919329899017,184.96701147315608,185.27959273487582
2418747.1216729325,1910.2036625706744,1.1610137099181328,1.3099582162115904,1.4310443402292605,184.63862245577906,185.0037609698745,185.31065667749374
2418971.6359962407,1910.8183624165779,1.1738825864983544,1.3168479618637061,1.4332538284691358,184.68429939782803,185.04034528280093,185.3407878317858
2419196.150319549,1911.4330622624814,1.1858821328780793,1.323104135951106,1.435119027710761,184.73025740009464,185.07603705661393,185.3712970112335
2419420.6646428574,1912.0477621083862,1.1969055687049783,1.3287086015282163,1.4363516584687006,184.77513007030745,185.11167424035838,185.40133975748452
2419645.1789661655,1912.6624619542897,1.207459277244894,1.3338590383695328,1.4371383969689862,184.81880973861013,185.1465528351982,185.4315915327509
2419869.6932894737,1913.2771618001932,1.2169972995807243,1.338508668139998,1.4375756695623543,184.861420911491,185.18171398018194,185.46133808691056
2420094.2076127823,1913.8918616460978,1.2260920438478702,1.3423466945804141,1.4375557562553734,184.90384682346422,185.2165517657619,185.4915648234341
2420318.7219360904,1914.5065614920013,1.2342141273157212,1.3457643787636846,1.4372366975466349,184.94514454887556,185.25094292904248,185.5214358482723
2420543.2362593985,1915.1212613379048,1.2417386660087506,1.348476105805609,1.4363480528038683,184.9860442622991,185.28544982881212,185.5512697279768
2420767.7505827066,1915.7359611838083,1.2484635412128986,1.3507675272166182,1.435043001288797,185.02728275775198,185.3201865653216,185.58121721043898
2420992.2649060152,1916.3506610297131,1.2543617563834817,1.3525303957734445,1.4334813316733725,185.06729834132503,185.35427045602123,185.61142562608688
2421216.7792293234,1916.9653608756166,1.259645970820644,1.3539048702806897,1.431538141359747,185.1066400646945,185.3883051880911,185.64201877267243
2421441.2935526315,1917.58006072152,1.264427872007054,1.3546676024076896,1.4291079821972825,185.14627140659084,185.42240107510855,185.67253940869134
2421665.80787594,1918.194760567425,1.2684449217910554,1.3549103220738614,1.4262094553136087,185.18559617342436,185.45632615562906,185.7029023668638
2421890.3221992482,1918.8094604133285,1.2719305730898054,1.3546573329365823,1.4230664784142233,185.22427000696172,185.49038881099955,185.73406052569334
2422114.8365225564,1919.424160259232,1.2749474695052088,1.3539581068810391,1.419368366742645,185.26295484455392,185.52475791593966,185.7651818141209
2422339.3508458645,1920.0388601051354,1.277358581281943,1.3528506322740244,1.4155297187501674,185.30164062694772,185.558746477924,185.79585261977013
2422563.865169173,1920.65355995104,1.2791189027483647,1.3512979256244102,1.4113480930320241,185.34040195643516,185.59317153245067,185.8269754494263
2422788.3794924812,1921.2682597969435,1.2803608225240275,1.3493329726781687,1.4066547843683936,185.3788404282303,185.62728604663815,185.85814244651004
2423012.8938157894,1921.882959642847,1.2810547762124804,1.3468659700552434,1.4016801686127587,185.41745373112084,185.6617735058037,185.8900431996803
2423237.408139098,1922.4976594887519,1.2812513966141301,1.343895062793004,1.396333929393462,185.45563128187246,185.69629490457402,185.92189332295152
2423461.922462406,1923.1123593346554,1.280891758621665,1.3405965321655249,1.3906343440777071,185.49384245704897,185.73118744798057,185.953917877037
2423686.4367857142,1923.7270591805589,1.2800232852325248,1.3368407371486506,1.3845400319711414,185.5327216075563,185.76615450616143,185.98676654456295
2423910.951109023,1924.3417590264637,1.278483314882301,1.3326970677567633,1.3781542758175327,185.57149022308496,185.80140762213514,186.01927803321354
2424135.465432331,1924.9564588723672,1.2766193067339304,1.3280981840410975,1.3714876849132314,185.60995122668137,185.83658302965998,186.05223867520434
2424359.979755639,1925.5711587182707,1.2741583744188758,1.3230689702934733,1.364556030460539,185.64813298233972,185.87204264081797,186.08527541428728
2424584.494078947,1926.1858585641742,1.2711545510529132,1.317837401881552,1.3572964155558351,185.68676925796413,185.90789731006578,186.1189989476632
2424809.008402256,1926.8005584100788,1.2678026707271954,1.3121299989901474,1.3496111724202202,185.72580001667689,185.94419452787068,186.15276370795084
2425033.522725564,1927.4152582559823,1.2639741500832709,1.306079084918816,1.3416866264918645,185.76479850750286,185.98083129195507,186.18714024704505
2425258.037048872,1928.0299581018858,1.2597064724866274,1.2997751347827775,1.3334893994793413,185.80393760122186,186.01744828346506,186.2216236416885
2425482.5513721807,1928.6446579477906,1.2550013922029113,1.2930739018094746,1.3250055467907962,185.84341241058962,186.05484013368755,186.25670082201125
2425707.065695489,1929.259357793694,1.2498332396807008,1.2859243627431813,1.3161635602008754,185.8830541418026,186.09227348984004,186.29291235165402
2425931.580018797,1929.8740576395976,1.2442367879208196,1.2784401009386523,1.3070698331416981,185.9233679245867,186.13049300212987,186.32949753954674
2426156.094342105,1930.488757485501,1.2382141242534737,1.27056337457835,1.297640857953828,185.96413114490213,186.16895582239246,186.3660271053506
2426380.6086654137,1931.103457331406,1.2318933886631593,1.2623546417999445,1.2880718624391287,186.0054795698694,186.2080853708829,186.40359562237197
2426605.122988722,1931.7181571773094,1.2249868961918673,1.253855151966397,1.2781911820383354,186.04724142321848,186.24764595850417,186.44141462332576
2426829.63731203,1932.332857023213,1.2177291345919912,1.2450555448031935,1.267985667959762,186.08896319059934,186.2878739318507,186.47949877146482
2427054.1516353386,1932.9475568691175,1.2100965308256841,1.2358624775697566,1.257545682083082,186.13158403764677,186.3281947674962,186.51828204097404
2427278.6659586467,1933.562256715021,1.202065951450332,1.2264639555850172,1.2468357000919,186.17461112146614,186.36926441709036,186.55777407255053
2427503.180281955,1934.1769565609245,1.1937446986161593,1.2166314338942215,1.2358927774959896,186.2181205611036,186.41097022280934,186.59813596453074
2427727.6946052634,1934.7916564068294,1.1850345878925361,1.20646258824199,1.2247053935201002,186.2625415917588,186.4534573712084,186.63933271817695
2427952.2089285715,1935.4063562527328,1.1759843078752161,1.1961151385821904,1.2132938402990068,186.30720732864324,186.4968137015462,186.6814392437538
2428176.7232518797,1936.0210560986363,1.166567839141991,1.1854195861914159,1.2015429045344623,186.35311380072827,186.54106530579298,186.72465867080405
2428401.237575188,1936.6357559445398,1.156761723950636,1.1744137067856841,1.1895955912558813,186.39933292961905,186.58599809197315,186.7681067828116
2428625.7518984964,1937.2504557904447,1.1465735710839475,1.1631773336042843,1.1774904980969454,186.44657950394318,186.63144901173962,186.8129152425431
2428850.2662218045,1937.8651556363482,1.1360286610178645,1.1516684013433265,1.1651020708060325,186.49437790345286,186.67788466425907,186.85849497241986
2429074.7805451127,1938.4798554822517,1.1251322577903355,1.1398107841622136,1.152572873454668,186.5432366512066,186.72608298133443,186.9046541979925
2429299.2948684213,1939.0945553281563,1.1139728863294303,1.1276867594083113,1.1397431757020546,186.59319801846513,186.7746031677402,186.9522410351681
2429523.8091917294,1939.7092551740598,1.1024409246231692,1.1152637944393684,1.1267151860776183,186.6443492824529,186.82423112203665,187.00124137347498
2429748.3235150375,1940.3239550199633,1.090617325719311,1.1026395902649364,1.1135335258351065,186.69647506090763,186.8754466347867,187.0509885439892
2429972.837838346,1940.938654865868,1.078468480108961,1.0897696451769827,1.100113477453852,186.7496299964374,186.92709892493437,187.10217141996438
2430197.3521616543,1941.5533547117716,1.0659871555784903,1.076625479583662,1.08642787191063,186.80358368657448,186.9802600710294,187.15421471464765
2430421.8664849624,1942.168054557675,1.0531151092133393,1.0632228806664532,1.072591232754871,186.85924371165174,187.03483719447868,187.20785094230538
2430646.3808082705,1942.7827544035786,1.0400300416378883,1.0495885234720466,1.0585604088668585,186.9158550285157,187.09104918485747,187.26226291082753
2430870.895131579,1943.3974542494832,1.026591684613775,1.0357370268118102,1.0442904692838038,186.97428180905777,187.148511910793,187.31917113214263
2431095.4094548873,1944.0121540953867,1.0129583279190602,1.0216629308787106,1.029844096454124,187.03374432949093,187.20743585066595,187.37785998137207
2431319.9237781954,1944.6268539412904,0.9990774708759258,1.007349880466474,1.015240880410897,187.09529546833483,187.26847855422488,187.43745748996585
2431544.438101504,1945.241553787195,0.9848116859738211,0.9927764789490938,1.00045284564288,187.15884115477252,187.33066021595607,187.4992378008498
2431768.952424812,1945.8562536330985,0.9702909288408974,0.9779896846525171,0.9854644572172105,187.22379095447977,187.39476817051403,187.56300820270673
2431993.4667481203,1946.470953479002,0.9555640521742056,0.9629826124832359,0.9703047847386436,187.29022906155132,187.4608895447736,187.62874114838007
2432217.9810714284,1947.0856533249055,0.9405170911049342,0.9477914517757898,0.9549570380567088,187.35926713336167,187.52928077896811,187.69696606723926
2432442.495394737,1947.7003531708103,0.9252346093974297,0.932354838555502,0.9394352651415224,187.43003279672217,187.59957703221207,187.76694371823214
2432667.009718045,1948.3150530167138,0.909717083718199,0.9167237769971397,0.9236942744299822,187.5039429684753,187.67234289307459,187.8398164648249
2432891.5240413533,1948.9297528626173,0.8939314284042212,0.9008594629418467,0.9078083780116286,187.57996304262264,187.74773566540338,187.9151426804001
2433116.038364662,1949.544452708522,0.8779522265822872,0.8848225449499798,0.8917211146369844,187.6582689724866,187.82590712696086,187.99344245134046
2433340.55268797,1950.1591525544254,0.8616834890256511,0.8686010893808733,0.8754408372784936,187.7395833955588,187.90700171670082,188.0750397257327
2433565.067011278,1950.773852400329,0.8452751308130823,0.8521655594248337,0.8589698878967866,187.82415510358996,187.99112960581795,188.15969352737727
2433789.5813345867,1951.3885522462338,0.82865231376448,0.8355495574463664,0.8423109147945294,187.9118759926103,188.07825637450296,188.2478244625982
2434014.095657895,1952.0032520921372,0.8118153746599055,0.8187168308984758,0.8254750049059635,188.0034767229446,188.1692847398957,188.3395208585677
2434238.609981203,1952.6179519380407,0.7948024961929911,0.8017294115259531,0.808447046377451,188.09817390629223,188.26450203334116,188.4352257677101
2434463.124304511,1953.2326517839442,0.7775686363527813,0.7845425631158292,0.7912695338788308,188.196198354909,188.36351697887673,188.53536226691287
2434687.6386278197,1953.847351629849,0.7602026919010405,0.767154524254849,0.7738755120948277,188.29934484239797,188.46714887694705,188.63981423553213
2434912.152951128,1954.4620514757526,0.7426723701539388,0.7496006152019454,0.7563733664421285,188.4070605229901,188.57546307054773,188.7486105242248
2435136.667274436,1955.076751321656,0.7249614082448534,0.7318867929513365,0.7386385807195983,188.52002414007993,188.68954097370124,188.86377286536856
2435361.1815977446,1955.6914511675607,0.7070710367726983,0.7140085640173035,0.7207664884700535,188.63795396311227,188.8094078523606,188.98400432108346
2435585.6959210527,1956.3061510134642,0.6890103021098344,0.6959704525855454,0.7027326747390553,188.7620083007909,188.9355980277054,189.11178885532433
2435810.210244361,1956.9208508593676,0.670812709600073,0.6777803099148024,0.6845312528516474,188.89303710612057,189.06790260583975,189.2457181839118
2436034.7245676694,1957.5355507052725,0.6524555789600436,0.6594196329121009,0.6661939944283332,189.0305531788859,189.20758128966864,189.3876564056192
2436259.2388909776,1958.150250551176,0.6339447425877123,0.6409027440100844,0.6476673760005806,189.17524062037305,189.3544794053502,189.53757081011403
2436483.7532142857,1958.7649503970795,0.6153126349441987,0.6222532650551946,0.6289949335218953,189.32904823619145,189.5111338408838,189.69621172889526
2436708.267537594,1959.379650242983,0.5965191985292011,0.6034433392819496,0.610184368448925,189.49232366794973,189.6780573986433,189.86591706559614
2436932.7818609024,1959.9943500888878,0.5776005920793122,0.5844991305325038,0.5912328353971634,189.665603504285,189.85518785432433,190.04694932475735
2437157.2961842106,1960.6090499347913,0.5585701920898213,0.5654388124644034,0.572112360267307,189.85029995484362,190.04458272956563,190.24015236064196
2437381.8105075187,1961.2237497806948,0.5394129952064676,0.5462246819258405,0.5528803235254021,190.04792600532056,190.24734675319164,190.44690577353322
2437606.3248308273,1961.8384496265994,0.5201361506376319,0.5269018556497016,0.5335172966833583,190.2606848241829,190.46508228535183,190.6699041817742
2437830.8391541354,1962.453149472503,0.5007471820625095,0.5074542797741247,0.5140239829946057,190.4885386091097,190.69871485997095,190.90949650262812
2438055.3534774436,1963.0678493184064,0.4812437438868662,0.48789441772048403,0.4944116725989027,190.7339179043258,190.95091298328285,191.16877811192006
2438279.8678007517,1963.6825491643099,0.4616271276955978,0.46821754306423763,0.47467077547402997,191.00076271150687,191.22426940839006,191.45012743147103
2438504.3821240603,1964.2972490102147,0.4419113569498783,0.44844032491790575,0.45483525034243394,191.28879470685607,191.52189597675684,191.75638534976946
2438728.8964473684,1964.9119488561182,0.4221139182110308,0.4285690551032322,0.4348692425535744,191.60441835520928,191.84677614256393,192.09157342068744
2438953.4107706766,1965.5266487020217,0.4022086970857394,0.4085980103184316,0.41481847972926034,191.9501090200982,192.20345926255388,192.4611074921346
2439177.925093985,1966.1413485479266,0.3822285378019829,0.38852129105732025,0.39467632037061573,192.33089366559582,192.59629494186643,192.86839955720248
2439402.4394172933,1966.75604839383,0.3621713290060536,0.36837401989383756,0.37445829140641484,192.75109729296247,193.0319217563883,193.32123797658429
2439626.9537406014,1967.3707482397335,0.3420677777128303,0.34815024019385243,0.35419440662894836,193.2209750821483,193.51863444337508,193.82800499277946
2439851.46806391,1967.9854480856382,0.3219038685721408,0.32787919588730274,0.3338404079751421,193.74756288301063,194.06533886261394,194.3977727674568
2440075.982387218,1968.6001479315416,0.30167732201126124,0.3075663858494031,0.31342435305325256,194.3415627555855,194.68361983277748,195.04203215592852
2440300.4967105263,1969.2148477774451,0.2814184281485298,0.28717619047518017,0.2929577992469616,195.01763383658624,195.390556642824,195.78043558954613
2440525.0110338344,1969.8295476233486,0.2611253580805134,0.26678031518517265,0.27244615243971076,195.79598486361724,196.20460384823278,196.636377460285
2440749.525357143,1970.4442474692535,0.24086024067563971,0.24639119493293826,0.2519484908948628,196.7027695658761,197.15311995232688,197.63327613538456
2440974.039680451,1971.058947315157,0.22061859569552855,0.22600363154691677,0.23144246181057332,197.76494952840645,198.2726066582507,198.8155761135022
2441198.5540037593,1971.6736471610604,0.20038127326353933,0.2056671679113656,0.2110007526488127,199.03821774316606,199.6152297988104,200.23292917977128
2441423.068327068,1972.288347006965,0.18023985500044953,0.18539899688005632,0.19059810066959898,200.58267658323587,201.25663653425923,201.97055084263016
2441647.582650376,1972.9030468528686,0.16027746689781588,0.16527150861502887,0.17033525772316613,202.50121181463214,203.29709987863,204.14531963465376
2441872.096973684,1973.517746698772,0.14053941948304574,0.14538289639620489,0.1502521844265831,204.933130237549,205.89514319840848,206.9356936090325
2442096.6112969923,1974.1324465446755,0.12119705545460169,0.1258308186742035,0.1305094257689806,208.11671863673456,209.3117212831447,210.6203352628652
2442321.125620301,1974.7471463905804,0.10249053623581597,0.10684207622227065,0.11126820696229427,212.41920485421014,213.95638681053543,215.66914187607932
2442545.639943609,1975.3618462364839,0.08488564849806578,0.08881732891419122,0.09289688489509638,218.4658278393608,220.55427985397532,222.86583754563964
2442770.154266917,1975.9765460823874,0.06923940161549826,0.07253595363732236,0.07603256659054347,227.33531890268938,230.295593540476,233.54058382268403
2442994.6685902257,1976.5912459282922,0.05714987294713778,0.05948713607319506,0.06205345036003573,240.7532100828064,244.95427335297427,249.4393269321668
2443219.182913534,1977.2059457741957,0.05087298698117555,0.05222719102341961,0.05361274948875164,260.297089727228,265.6207187139055,271.05398802477913
2443443.697236842,1977.8206456200992,0.050974619876716205,0.052839165785276934,0.05491873392722912,283.88835981569036,289.05218842188685,293.9605983498594
2443668.2115601506,1978.4353454660038,0.05828069705778725,0.06135769148833575,0.0645737522186962,304.9576104515061,308.7149732704487,312.20293686139223
2443892.7258834587,1979.0500453119073,0.07134650519373767,0.07511329015622639,0.0789954831930156,319.9235798187418,322.4138430301924,324.70491467017814
2444117.240206767,1979.6647451578108,0.08761202668325105,0.09177611651799261,0.09599623590997015,329.8393381808494,331.5176037777398,333.0899604292056
2444341.754530075,1980.2794450037143,0.10564840538030065,0.10997542255992868,0.11438676776297908,336.5405527870622,337.7124962275182,338.8512285759068
2444566.2688533836,1980.8941448496191,0.1246282740987929,0.12907761487540084,0.13357988580421373,341.23346233866556,342.1167869638076,342.98165385990984
2444790.7831766917,1981.5088446955226,0.14418330998776085,0.1486792322413031,0.15323691317920105,344.67174725150494,345.3779815950343,346.07005759778065
2445015.2975,1982.123544541426,0.1640921253196212,0.1686029935992348,0.1732055188688818,347.28894197148963,347.8735040361111,348.447866421294
2445239.8118233085,1982.738244387331,0.18417803162813381,0.188721565568954,0.1933584479763837,349.3328403897685,349.83498714489986,350.32951787222777
2445464.3261466166,1983.3529442332344,0.20436697136618728,0.20893660893307253,0.2135980439953014,350.9790218819537,351.41901302858565,351.8532982470501
2445688.8404699247,1983.967644079138,0.22464417794532754,0.22919849502825906,0.23391226065238324,352.3291707478153,352.7240529362894,353.11378351333684
2445913.3547932333,1984.5823439250426,0.24491899971407796,0.24948192987433188,0.2542160822226384,353.4582031519837,353.81478611829675,354.169632966559
2446137.8691165415,1985.197043770946,0.2651521202954035,0.2697551253209439,0.2744935933797474,354.41268585578933,354.74342721333414,355.07112696774567
2446362.3834398496,1985.8117436168495,0.2853261691094336,0.28995072571754454,0.29471968699178114,355.2335251297032,355.5440839468549,355.8464304706392
2446586.8977631577,1986.426443462753,0.30543339000644404,0.31007714770917294,0.31486990232632606,355.94709394658275,356.2395534946534,356.52187460150424
2446811.4120864663,1987.0411433086579,0.32545215151072343,0.3301103001151128,0.3349032525365867,356.57418166176996,356.84991386908763,357.11567304058167
2447035.9264097745,1987.6558431545614,0.34534833983866275,0.3500333501673274,0.3548539239347501,357.12995679631325,357.3904841982167,357.64185166173735
2447260.4407330826,1988.2705430004648,0.3651202252185596,0.36982087941359965,0.3746553365242108,357.6256517949268,357.8725497901443,358.11361405875164
2447484.955056391,1988.8852428463697,0.3847556966658904,0.38946431683835847,0.3943292076182598,358.0698503279112,358.3060752495723,358.5364414322695
2447709.4693796993,1989.4999426922732,0.4042246203737794,0.40893393768974473,0.41383068125408823,358.471079804491,358.6970929260429,358.91949426971155
2447933.9837030075,1990.1146425381767,0.42351436359732186,0.4282294342257642,0.4331494850176987,358.83654954100945,359.05376578129034,359.2674085919045
2448158.4980263156,1990.7293423840802,0.44262080965674006,0.447325752996898,0.4522427561058565,359.1694274574989,359.37932708972005,359.5860567863047
2448383.012349624,1991.3440422299848,0.4615059591791472,0.46622182032028325,0.4711237527679683,359.47562666909647,359.6786504531072,359.87901638057195
2448607.5266729323,1991.9587420758883,0.4801515701837102,0.48486706159671,0.4897629465764465,359.7578739106885,359.9548796307011,0.1493227612650838
2448832.0409962405,1992.5734419217918,0.4985264578610978,0.5032428391424748,0.5081351122180812,0.019752604190406232,0.21044561922085414,0.3996196038087215
2449056.555319549,1993.1881417676966,0.5166258812782273,0.521351853136046,0.5262338275259485,0.2628156477864383,0.44823848270511923,0.6323823433962424
2449281.069642857,1993.8028416136,0.5344571675467029,0.5391596868806519,0.5440094854041617,0.4897764150668439,0.6706744088927316,0.8501381949919288
2449505.5839661653,1994.4175414595036,0.55195085280068,0.5566520074572123,0.5614697156080305,0.7022677428370505,0.8790814978515515,1.05370941371262
2449730.098289474,1995.0322413054084,0.5691156623250591,0.5737959358096913,0.5785838288019084,0.9022122081668296,1.0748620054067215,1.2446175623886475
2449954.612612782,1995.646941151312,0.5859253547006331,0.5905592795407831,0.5953101231622415,1.0902252066929057,1.259062896643673,1.4248924373319136
2450179.12693609,1996.2616409972154,0.6023624602125806,0.6069389936000114,0.6116577106533349,1.2679148500874406,1.4331323389065014,1.5954179569997766
2450403.6412593983,1996.876340843119,0.6183639744866798,0.6228922386744344,0.6275634452296293,1.4367989227764684,1.598410427750893,1.7570777902753476
2450628.155582707,1997.4910406890235,0.6339398644149367,0.638422966877386,0.6430202332302634,1.597145343567312,1.7553260806533764,1.910433341569787
2450852.669906015,1998.105740534927,0.6490360281601939,0.6534780244049186,0.6579939051585763,1.7500405841772664,1.9050064443700123,2.0563347270102885
2451077.184229323,1998.7204403808305,0.6636437402539189,0.6680191202546655,0.6724557971592096,1.8959727024946917,2.0478838476416605,2.1961404176927894
2451301.698552632,1999.3351402267353,0.6777435755025975,0.6820212115774655,0.6863697735888211,2.0360608457275298,2.1845512479668585,2.32997939554308
2451526.21287594,1999.9498400726388,0.6912639884267759,0.6954588798945749,0.6996962364948427,2.170247497772234,2.316397772025744,2.458657265321454
2451750.727199248,2000.5645399185423,0.7041815421508955,0.7082640826739817,0.7124039220559344,2.300096579065082,2.4427891847946075,2.5827132896186047
2451975.241522556,2001.1792397644458,0.7164735100152138,0.7204304618049335,0.7244724866195484,2.4253651956465117,2.5654058080082005,2.702092080587258
2452199.755845865,2001.7939396103507,0.7280711497887405,0.7318948364155862,0.7358390300774199,2.546605771868514,2.6837904638231818,2.8180786850677486
2452424.270169173,2002.4086394562541,0.7389466607046078,0.7426418775831467,0.7464296006140271,2.663883687321207,2.7987215377836523,2.9304902099579047
2452648.784492481,2003.0233393021576,0.7490376057169069,0.7526139299779385,0.7562681500969068,2.7783061823484045,2.910341875745043,3.039836760268639
2452873.2988157896,2003.6380391480623,0.758321430767139,0.7617479401093248,0.7652628447255265,2.8895544284394323,3.0194876968896907,3.1461234715983255
2453097.8131390978,2004.2527389939657,0.766716451790683,0.7700099007997142,0.7733780499105203,2.9983934999263275,3.1257568932848367,3.2505232321527435
2453322.327462406,2004.8674388398692,0.7742043042008883,0.7773389591418123,0.7805508375046355,3.1049546122314893,3.229837545349549,3.3522714644129703
2453546.8417857145,2005.482138685774,0.7807141959607794,0.783662494016675,0.7867182293343067,3.2098161824267795,3.332232349461028,3.4523536903115786
2453771.3561090226,2006.0968385316776,0.7861583739321379,0.7889685275875195,0.7918446560383519,3.3135224528625944,3.433387105998424,3.5514514657779968
2453995.8704323308,2006.711538377581,0.7904994790328428,0.7931546077654906,0.7958702028172143,3.4154803335862303,3.5330473687276562,3.649219767445368
2454220.384755639,2007.3262382234846,0.7936633602165502,0.7961523271171944,0.7987012823096497,3.5166716333138908,3.6319453723898896,3.7458600361781462
2454444.8990789475,2007.9409380693892,0.7955760146695607,0.7979067208466946,0.8002724198780542,3.6172786456527364,3.7302833545484884,3.8417019310513965
2454669.4134022556,2008.5556379152927,0.7961679400412207,0.7983320684261749,0.8005344636059467,3.7172970229264295,3.8284269378101183,3.9374523954387834
2454893.9277255638,2009.1703377611962,0.7953645937227788,0.7973626863356238,0.7994102237424386,3.817809118197609,3.926254740802918,4.03356348463712
2455118.4420488724,2009.785037607101,0.7930892683845523,0.7949279637259488,0.7968001769620935,3.9184016564408317,4.024861585578504,4.129605489192867
2455342.9563721805,2010.3997374530045,0.7892495290284532,0.7909289379414085,0.7926446908774673,4.020064218333042,4.124090758242272,4.226594182842088
2455567.4706954886,2011.014437298908,0.7837606113999283,0.7853035247959053,0.7868615918782389,4.12267142711835,4.224627479901076,4.32490903524425
2455791.985018797,2011.6291371448128,0.7765625830190664,0.777958448435405,0.7793670445065608,4.227176146945009,4.326697732752202,4.425034399685834
2456016.4993421054,2012.2438369907163,0.7675470326098613,0.7688129182593183,0.7700748926816325,4.333297983739094,4.430948275844975,4.52713787477954
2456241.0136654135,2012.8585368366198,0.7566406635600353,0.7577761775972844,0.7589096988212636,4.442955115049383,4.53823293175135,4.631826756390388
2456465.5279887216,2013.4732366825233,0.7437537209804093,0.7447653806167216,0.7457780047161694,4.555878116255199,4.648503373557991,4.740190926729236
2456690.04231203,2014.087936528428,0.7288253942665024,0.7297186947199032,0.7306092532223759,4.673166817580369,4.763628818582595,4.852727482914563
2456914.5566353383,2014.7026363743314,0.7117562963445321,0.712549093481298,0.7133462192789782,4.795978266908791,4.883610159059455,4.970367835358316
2457139.0709586465,2015.317336220235,0.6925033815513241,0.6932036770949408,0.6939112714717428,4.92503447432388,5.010079554394199,5.094307285617863
2457363.585281955,2015.9320360661397,0.6709969052438449,0.6716291175253499,0.6722448427748348,5.0622164111316446,5.144275698827327,5.225454022312917
2457588.099605263,2016.5467359120432,0.6472092547700308,0.6477814788836606,0.6483332813056595,5.208943922518134,5.287890343944567,5.365790281227115
2457812.6139285713,2017.1614357579467,0.6210957894120975,0.6216267968864821,0.6221418582134992,5.366713205399706,5.4427956286745705,5.517390360522494
2458037.1282518795,2017.7761356038502,0.5926726662736839,0.5931764799109552,0.5936635371002484,5.5389819871157995,5.611848688246891,5.6832971912415235
2458261.642575188,2018.390835449755,0.5619503859786674,0.5624340319342138,0.562906965903067,5.729680845119167,5.798932861489463,5.867035723179429
2458486.156898496,2019.0055352956585,0.5289686566909635,0.5294419228344704,0.5299086791814989,5.942784983597615,6.008593752864017,6.0724941720166825
2458710.6712218043,2019.620235141562,0.4938129141439915,0.49426671501229313,0.4947192056987115,6.185319934037635,6.246439603689391,6.307466854936359
2458935.185545113,2020.2349349874667,0.4565752046455276,0.4570027912403619,0.4574205016386894,6.465827870331041,6.522714416145267,6.580297195988871
2459159.699868421,2020.8496348333701,0.417382779366026,0.4177627446962547,0.4181287039919634,6.796159424828212,6.849363777786906,6.903477523017585
2459384.214191729,2021.4643346792736,0.3763878155714285,0.3766930536397389,0.3769870896127787,7.195704109857011,7.2456229486760755,7.29763239384068
2459608.728515038,2022.0790345251785,0.3337623067525915,0.3339622730758266,0.3341596647714133,7.692694933577765,7.74174729852053,7.7925858406362485
2459833.242838346,2022.693734371082,0.28968923348692666,0.28976952720347593,0.28985233692174306,8.333630888636323,8.387422742907388,8.441937714003384
2460057.757161654,2023.3084342169855,0.24420107661092283,0.24433281864160938,0.24446126909974275,9.202704254612367,9.268662611548045,9.335691457390887
2460282.271484962,2023.923134062889,0.19757747710887638,0.19789419020043056,0.19820970071017643,10.466988617557293,10.559757505557029,10.651413540780657
2460506.785808271,2024.5378339087938,0.1502187403468252,0.15075057738344672,0.1512888148964377,12.510878364266109,12.65412346952764,12.793157895576588
2460731.300131579,2025.1525337546973,0.10258164555404266,0.10334605120531906,0.10412178680538543,16.41603380438253,16.663579015605734,16.907342710339538
2460955.814454887,2025.7672336006008,0.055887693634527814,0.0568661238488323,0.05785590233444455,26.759472202448237,27.350857962943195,27.93746385978283
2461180.3287781957,2026.3819334465054,0.021992426819685117,0.022605006504057487,0.023231803423950134,82.18010893034354,85.40982738134274,88.64381556837164
2461404.843101504,2026.996633292409,0.04914392935640431,0.050539852084403716,0.05191145805279778,157.0736478466386,158.16580105702144,159.21514330379156
2461629.357424812,2027.6113331383124,0.09488182489265902,0.09662105449380735,0.09832976806740865,170.53919849954465,171.05841286302768,171.56340567850629
2461853.8717481205,2028.2260329842172,0.14208134725481442,0.1440740423452789,0.14602452074213354,175.18685628904208,175.5476325668944,175.89933470103836
2462078.3860714287,2028.8407328301207,0.18928097989317247,0.19147686639050174,0.19363347702557743,177.52346225025107,177.81176406892027,178.09090096005033
2462302.900394737,2029.4554326760242,0.23607267381797653,0.23843956062905639,0.24075600038605757,178.93230245462541,179.17957735189594,179.41704452792567
2462527.414718045,2030.0701325219277,0.2822553889116039,0.2847462848413084,0.2871647975827249,180.0908490526863,180.2965380497292,179.88115087336084
2462751.9290413535,2030.6848323678323,0.32769943601456675,0.3302685109041802,0.33275427720601525,180.56082130280436,180.76335840632328,180.95606356900458
2462976.4433646617,2031.2995322137358,0.372301679347009,0.3749028685585788,0.3774050129244861,181.07858611093312,181.26760187095044,181.44695145781216
2463200.95768797,2031.9142320596393,0.41597309876189875,0.41856157992329707,0.42104132033369157,181.48691358894214,181.66559134030487,181.83467440133646
2463425.4720112784,2032.5289319055441,0.45866069148055083,0.46118869314118205,0.4636142235042762,181.81915631302968,181.98890837121718,182.1497773734676
2463649.9863345865,2033.1436317514476,0.5002849277461788,0.5027246895741928,0.5050784610974477,182.09580577520123,182.25848578057594,182.41251907182067
2463874.5006578946,2033.7583315973511,0.5408252187639373,0.5431559208246233,0.54545595464382,182.33027581983563,182.48706825156304,182.6353494689714
2464099.014981203,2034.3730314432546,0.5802060567531377,0.5824443017125158,0.584723959029693,182.53270999661453,182.68403504572308,182.82786166147645
2464323.5293045114,2034.9877312891595,0.6183523636058018,0.6205645251725672,0.6228557404730276,182.70944211466636,182.8565439982777,182.99727902632003
2464548.0436278195,2035.602431135063,0.6552083274631741,0.6575429776156418,0.6599719322780796,182.86652972861916,183.00942298835187,183.1472683149025
2464772.5579511276,2036.2171309809664,0.6907165035639444,0.6933736371704081,0.6960799090181367,183.005971961806,183.14682163561883,183.28130338147545
2464997.0722744362,2036.831830826871,0.7248907988483281,0.7280550270025268,0.7311622337982782,183.13188788288835,183.27027078417282,183.40206242812124
2465221.5865977444,2037.4465306727748,0.7577370777389005,0.7615844571829711,0.7652291181310036,183.24668282455775,183.3827951999374,183.5125759410302
2465446.1009210525,2038.0612305186783,0.7893295340981904,0.7939549302490153,0.7982914055465108,183.35196502365753,183.4859157743797,183.61403990912885
2465670.615244361,2038.6759303645829,0.8196848795203443,0.8251988865911647,0.8303351507567418,183.44891912666165,183.58081441181358,183.70783898815705
2465895.1295676692,2039.2906302104864,0.8488083395164887,0.8553081320220375,0.8613909033965722,183.5389554664824,183.66906980331655,183.79487913256204
2466119.6438909774,2039.9053300563899,0.8767768582842782,0.8842944028444548,0.8913619598178482,183.62275742260093,183.75157697221027,183.87669350836092
2466344.1582142855,2040.5200299022933,0.9035772139499265,0.9122028928097321,0.9203493688327897,183.7014834901957,183.82901213980819,183.95347349120377
2466568.672537594,2041.1347297481982,0.9292711973046007,0.9390416987431662,0.9483278121240934,183.77508825743607,183.9016284889955,184.02538416393887
2466793.1868609022,2041.7494295941017,0.9538195439004454,0.9648342499304022,0.9753225260905852,183.84461326305802,183.97059843070315,184.09383230377378
2467017.7011842104,2042.3641294400052,0.9773105054248143,0.9895947962524857,1.0013442610322543,183.91027542723114,184.03600350917722,184.15892120450138
2467242.215507519,2042.9788292859098,0.9996757238174948,1.013359236175741,1.0264307832238126,183.9728418324426,184.09857116099874,184.2213088223401
2467466.729830827,2043.5935291318133,1.0210143862072836,1.0360948732683601,1.050549306971155,184.03266618385052,184.15859251058913,184.28020714957543
2467691.244154135,2044.2082289777168,1.0413315427994925,1.0579117693494875,1.073766065411657,184.09002359566165,184.2154378313013,184.33676804600142
2467915.758477444,2044.8229288236216,1.060687191259672,1.0787824491615585,1.096079462653715,184.14487602889565,184.26986570751885,184.39148114228277
2468140.272800752,2045.437628669525,1.0790334758714597,1.0986961269483877,1.1175212965277619,184.1978357867064,184.32255326408392,184.44461426294407
2468364.78712406,2046.0523285154286,1.0964829577048718,1.117755571353906,1.1381539755376757,184.24826145475492,184.37307507894027,184.49533921602415
2468589.301447368,2046.667028361332,1.1130092601792774,1.1359117022666556,1.157986965039833,184.29728852916048,184.42227707286702,184.5451301282126
2468813.815770677,2047.281728207237,1.1286235229056216,1.15321168074989,1.176966448524432,184.3448500782517,184.4701370637855,184.5932366741016
2469038.330093985,2047.8964280531404,1.143375123110964,1.1696766180900044,1.1951188705210776,184.3908990782366,184.5167493247343,184.6402850435283
2469262.844417293,2048.511127899044,1.1571811567706205,1.185287254158578,1.2124357252013174,184.43578846477104,184.56185489449012,184.68596982705338
2469487.3587406017,2049.1258277449488,1.1701593752971433,1.2001211997376708,1.2290428053440343,184.47875112747911,184.6058651119076,184.73044509620868
2469711.87306391,2049.7405275908523,1.1823683127935514,1.2141612527220222,1.2448217510687833,184.52137151737983,184.64897477933906,184.7740265384978
2469936.387387218,2050.3552274367557,1.1937811843277506,1.2274254159807039,1.259899363670755,184.56268256674778,184.6908897523733,184.81705356642428
2470160.901710526,2050.9699272826592,1.2044010651724804,1.2399307135043447,1.2742506419285213,184.60286507840144,184.73195761445075,184.85893926532697
2470385.4160338347,2051.5846271285636,1.2142507422042716,1.251715402374519,1.2878802412719081,184.64214805636712,184.77213906401897,184.90035085019855
2470609.930357143,2052.199326974467,1.2233201348858755,1.2627778753517893,1.3008599380539818,184.68045899802783,184.81195727760104,184.94131667798
2470834.444680451,2052.8140268203706,1.2316743347511954,1.2731659461378757,1.3131406418357696,184.7178219631237,184.85065038655628,184.98126392579363
2471058.9590037595,2053.4287266662755,1.2393734436858774,1.2828229876013024,1.3248171528927124,184.75466061120775,184.88913612511402,185.02126622538032
2471283.4733270677,2054.043426512179,1.2463559573374174,1.291798782076052,1.3358512439736578,184.7905339048988,184.92708044437776,185.0606021642418
2471507.987650376,2054.6581263580824,1.2526508154757665,1.3001437160580849,1.3462442126874863,184.82649775140845,184.96441566923235,185.09977590190834
2471732.5019736844,2055.2728262039873,1.258298764767595,1.3078319418845363,1.3560187326358533,184.86168390455444,185.00108673749244,185.1388496567582
2471957.0162969925,2055.8875260498908,1.26328468308223,1.3148696775740307,1.3651489670427415,184.8964347341201,185.03728360410435,185.17715876561016
2472181.5306203007,2056.5022258957943,1.2676290392719276,1.3213045116282423,1.3736507151062973,184.93044146000685,185.07326555668163,185.21593055957388
2472406.044943609,2057.1169257416977,1.2713567214043056,1.3271577746107557,1.3816064506851826,184.9641304631879,185.10855492840372,185.25386037867852
2472630.5592669174,2057.7316255876026,1.2744395942640503,1.3323466028822715,1.388956261046201,184.99835240216836,185.14389587569286,185.29083550697973
2472855.0735902255,2058.346325433506,1.2769782940981378,1.337033273093366,1.3957501493115736,185.03118267129398,185.17910297344673,185.3288404792191
2473079.5879135337,2058.9610252794096,1.2789153872690582,1.3411625381502692,1.402016326480784,185.0640027398699,185.213870792838,185.36634465727812
2473304.1022368423,2059.5757251253144,1.280283470917377,1.3447187586918736,1.4077169942899268,185.09600196547507,185.24847715635738,185.40379825268153
2473528.6165601504,2060.190424971218,1.2811082478773979,1.3477221336955756,1.412865832638814,185.128329530335,185.28273385143635,185.4413414091754
2473753.1308834585,2060.8051248171214,1.2813739685405017,1.3502265050875013,1.4175101463172965,185.1604048577646,185.3172596379462,185.4788643917088
2473977.6452067667,2061.419824663025,1.2811040557326112,1.3521580473732642,1.4216659838503027,185.19192400356744,185.35100020319226,185.51634731069382
2474202.1595300753,2062.0345245089297,1.2803432115351285,1.3535948602502264,1.4253195049207328,185.22356756206116,185.38529528708867,185.5539458863291
2474426.6738533834,2062.649224354833,1.2790281895493216,1.3545365792528505,1.428518555310021,185.25479450738806,185.41926130052101,185.59163392174003
2474651.1881766915,2063.2639242007367,1.2772735382619749,1.355025981177144,1.4312360110005284,185.28591120305364,185.45278769294794,185.62890566225605
2474875.7025,2063.878624046641,1.2750198820687135,1.3549542664613563,1.4334244571124264,185.3171939759463,185.4868624436725,185.6673718906977
2475100.2168233083,2064.4933238925446,1.2722499713539948,1.3544588330138323,1.435191822286398,185.34769531998876,185.52105418179806,185.70577754000905
2475324.7311466164,2065.108023738448,1.2690162969564847,1.353470324774852,1.4364831926603836,185.37925246090373,185.55520057747816,185.74393493658974
2475549.245469925,2065.722723584353,1.265290866428736,1.3520345111866146,1.437280499458749,185.4095294723904,185.58922378814208,185.78282165147382
2475773.759793233,2066.3374234302564,1.2610843745467033,1.3501509005632018,1.4376373460989473,185.4402964768945,185.62333817873403,185.82098795689652
2475998.2741165413,2066.95212327616,1.2565380386230147,1.3478109652119024,1.4376002331640552,185.47138068991467,185.65766932377278,185.85962086711268
2476222.7884398494,2067.5668231220634,1.2515040953291934,1.3450479711494048,1.4371668856700113,185.50189667666413,185.6922559812131,185.89889179726862
2476447.302763158,2068.1815229679682,1.2460728736530604,1.3418423228521168,1.4362625381922085,185.5327144189217,185.726914399279,185.9384769930757
2476671.817086466,2068.7962228138717,1.2401991367992398,1.3382348764460719,1.4349265601936472,185.56373643021695,185.76162915012833,185.97828458735592
2476896.3314097743,2069.410922659775,1.2339320365596749,1.334204247785408,1.433223136962611,185.5939239993257,185.79724146638657,186.01899694853532
2477120.845733083,2070.02562250568,1.2273090227283079,1.3298019692110374,1.4311475508414448,185.62473470750234,185.83235867466348,186.0609163213626
2477345.360056391,2070.6403223515836,1.2201808247705446,1.3249761459078915,1.4285933370476676,185.6560385193242,185.86795888314035,186.10326939840454
2477569.874379699,2071.255022197487,1.2127321048430955,1.3197999275982304,1.4257189174676228,185.68745798191438,185.90341731113935,186.14540424847726
2477794.3887030073,2071.8697220433905,1.2048745990129903,1.314209834686032,1.4224899416303232,185.7181384951081,185.93947159884146,186.18764356996226
2478018.903026316,2072.4844218892954,1.196680557588449,1.3082420342062657,1.4188969874572375,185.74939686576633,185.97538975995064,186.23105028209577
2478243.417349624,2073.099121735199,1.188102320574156,1.3018704517198942,1.4149376554317887,185.781589661029,186.01172854483946,186.27442461480223
2478467.931672932,2073.7138215811024,1.1791910589343024,1.2951871848706251,1.4106247638727387,185.81316447092158,186.0482781228423,186.31812202342076
2478692.4459962407,2074.328521427007,1.1699190474264771,1.2881521584339328,1.4059607222779975,185.8449982142895,186.08549457867502,186.36336941713841
2478916.960319549,2074.9432212729107,1.160271482207568,1.2807752592156216,1.4009685629861317,185.87672842447952,186.12325413313167,186.4084304557517
2479141.474642857,2075.557921118814,1.1502553527963482,1.2730185147179653,1.3955815132735545,185.90924877949075,186.1613770349967,186.45469943802945
2479365.9889661656,2076.1726209647186,1.1398857059038874,1.2649452934019336,1.3898848085857396,185.9412368355438,186.2003301122247,186.50201210670153
2479590.5032894737,2076.787320810622,1.1292506083401639,1.2564953787380793,1.3837883457930589,185.97370857269937,186.2393463396222,186.5501179074533
2479815.017612782,2077.4020206565256,1.1182592049624822,1.247824735995183,1.3773292570670348,186.00691504910404,186.27905610771313,186.59995953272966
2480039.53193609,2078.016720502429,1.1069333209330603,1.2388336943242473,1.370656056278689,186.04061720778978,186.31982126793045,186.6508249341591
2480264.0462593986,2078.631420348334,1.095302020755363,1.2294348215883562,1.3636116323396117,186.07444816385512,186.36080262338803,186.701916230445
2480488.5605827067,2079.2461201942374,1.0833526271038352,1.2197438137921268,1.35626958300138,186.1083572898777,186.40217835026462,186.75412792944996
2480713.074906015,2079.860820040141,1.0711291399556881,1.2097693858688872,1.3486164148416007,186.14208427736472,186.44467273968868,186.80784593486317
2480937.5892293234,2080.4755198860457,1.0586359966497807,1.1994642020609403,1.340639849901177,186.17716106377978,186.4877677050902,186.86295177635344
2481162.1035526316,2081.090219731949,1.0458183283419804,1.1887936105040156,1.3323791983732474,186.21285021367245,186.5315496253424,186.9195259396669
2481386.6178759397,2081.7049195778527,1.032781871376735,1.177917056772968,1.3238286762344047,186.248236186191,186.57575134330227,186.97712746303907
2481611.1321992483,2082.3196194237576,1.0193929573127793,1.1668353284936297,1.3150182596592153,186.28405108680147,186.62109906636107,187.03687896056806
2481835.6465225564,2082.934319269661,1.005776380580469,1.1554197733020861,1.3058887302400235,186.32027232015443,186.66719801417813,187.09804629086088
2482060.1608458646,2083.5490191155645,0.9919436308326122,1.1437525562484319,1.2965071537367139,186.3575449668662,186.71386007136798,187.16135610562029
2482284.6751691727,2084.163718961468,0.977813164581808,1.1317458472639914,1.2867934608433405,186.39422883318713,186.76255266024344,187.22485238075464
2482509.1894924813,2084.778418807373,0.9634854365237938,1.1194271794909605,1.2768427657499164,186.4326427464316,186.81175446979103,187.29122554371776
2482733.7038157894,2085.3931186532764,0.9488836822757152,1.1069064338988746,1.2666291892940529,186.47183127687495,186.86250873516542,187.36089701437322
2482958.2181390976,2086.00781849918,0.9339629849219824,1.0940918338341872,1.2561220585110735,186.51082572229197,186.91371061355738,187.4302441339406
2483182.732462406,2086.6225183450842,0.9187987737320572,1.0810281992197013,1.2453062887460193,186.5505310227971,186.96662114637863,187.50210972221203
2483407.2467857143,2087.2372181909877,0.9034455017555212,1.067755967317945,1.2342841597624683,186.59092848852123,187.02061313318242,187.5774535431577
2483631.7611090224,2087.851918036891,0.8878815928690891,1.054271580813233,1.2229925723219146,186.63274842722774,187.07589474157422,187.65557014158492
2483856.2754323306,2088.4666178827947,0.8721568675874231,1.0404380653294756,1.2114471050224447,186.67407035715954,187.13254189003305,187.73626592192093
2484080.789755639,2089.0813177286996,0.8561539280560355,1.0264364006451911,1.1995725454476318,186.71586477078458,187.19072313328417,187.82038197317542
2484305.3040789473,2089.696017574603,0.839846265486553,1.01216348756676,1.1875087337069856,186.7600204703155,187.25095758969,187.90786648557304
2484529.8184022554,2090.3107174205065,0.8233673351227196,0.9976265471967127,1.1751799834945218,186.80412967617133,187.3126871730759,187.9995534069737
2484754.332725564,2090.9254172664114,0.806688635445632,0.9828330382433224,1.1627352321402136,186.848674713194,187.37677107715393,188.09378938313947
2484978.847048872,2091.540117112315,0.7900229716546131,0.9678214317579397,1.1500285567023065,186.89450564068696,187.44314622291563,188.19333435340198
2485203.3613721803,2092.1548169582184,0.7729013402565985,0.9527277201418014,1.1369964301956121,186.9413646816496,187.51043769631,188.2969263946483
2485427.875695489,2092.769516804123,0.7556488736046548,0.937384986070873,1.1238042722774353,186.9898021128717,187.57979167472945,188.40472543302363
2485652.390018797,2093.3842166500267,0.7382627221558656,0.9217588818522413,1.110372419643695,187.03956701834434,187.65152669068775,188.51763185688623
2485876.904342105,2093.99891649593,0.7206908094973299,0.9058581040330245,1.0966647845895023,187.0917585209899,187.7250581104279,188.63535489990562
2486101.4186654133,2094.6136163418337,0.7029091039956312,0.8898159914790096,1.0828094007725806,187.14395197253398,187.8022991948556,188.75949062549148
2486325.932988722,2095.2283161877385,0.6848257659025061,0.873590767637688,1.0687297361091734,187.19782415972244,187.88298865730837,188.8901449938457
2486550.44731203,2095.843016033642,0.666575062065844,0.857140552652465,1.0544172845886592,187.2514782099025,187.9652975796206,189.02638492255366
2486774.961635338,2096.4577158795455,0.6483013224370302,0.8405368204936663,1.0399183782415284,187.30818038526127,188.05253351838132,189.17340032796682
2486999.4759586467,2097.0724157254504,0.6296948080167554,0.8237441588169482,1.0251084132081243,187.36515855734484,188.1439252436838,189.32703170433038
2487223.990281955,2097.687115571354,0.6109639387454346,0.8067399254583185,1.0101227521983887,187.42617716362383,188.23705278038435,189.49035337183042
2487448.504605263,2098.3018154172573,0.5920355248887327,0.7895100319165624,0.9949388058832006,187.48775490710472,188.33510036793095,189.66059709006683
2487673.0189285716,2098.9165152631617,0.5730313135398503,0.7722045732969705,0.9796822289832778,187.55097898316058,188.43770752353223,189.84704488270089
2487897.5332518797,2099.531215109065,0.5539050240636602,0.7546949860587349,0.9642207565168521,187.61705179673848,188.54581830247588,190.04521547877852
2488122.047575188,2100.1459149549687,0.5346656898429895,0.7370037390386263,0.9484326147838411,187.68510544491576,188.6586471157012,190.25693829328807
2488346.561898496,2100.760614800872,0.5153066417930445,0.7191836674637252,0.9326444405171977,187.75418842652786,188.77675060041594,190.48338808663047
2488571.0762218046,2101.375314646777,0.4958191460097609,0.7011253172932868,0.9166447626920498,187.82763750432244,188.90105558991027,190.72793930074218
2488795.5905451127,2101.9900144926805,0.47627258575540915,0.6829876709055915,0.9003814012926359,187.90305601003965,189.0305563633994,190.99360834320652
2489020.104868421,2102.604714338584,0.4565082991839179,0.6645885506969802,0.8839457592760074,187.9808084256904,189.169285284308,191.28119130317933
2489244.6191917295,2103.219414184489,0.43659921833587517,0.6459936622914701,0.867261474263694,188.06321736263712,189.31278768278523,191.59556897340036
2489469.1335150376,2103.8341140303924,0.41655733428383773,0.6274735643767111,0.8504095243158725,188.148408409117,189.46542686987416,191.93891125215055
2489693.6478383457,2104.448813876296,0.39642373061944375,0.6086562788894603,0.8334881660738226,188.23631572639528,189.62960318869537,192.31629996770596
2489918.162161654,2105.0635137221993,0.376278299092067,0.5896343260357159,0.8162434840753009,188.32603695449643,189.80329099985616,192.73489535024277
2490142.6764849625,2105.678213568104,0.35610109028431947,0.5705052995012216,0.7989966454795404,188.42221203422335,189.98791495862648,193.2041477784275
2490367.1908082706,2106.2929134140077,0.33573737347111404,0.5512962478581754,0.7816431778651468,188.52247097542545,190.18432234670215,193.73328471805212
2490591.7051315787,2106.907613259911,0.31517548795289085,0.5319728428129666,0.7640233493268125,188.6264026185863,190.39777944734442,194.3336465645714
2490816.2194548873,2107.522313105816,0.2947703783809536,0.5125625430534704,0.7461792914355609,188.7370107482441,190.62854469644103,195.01095740066322
2491040.7337781955,2108.1370129517195,0.2742012048472049,0.49301589624592324,0.7282895307715804,188.8508289103998,190.87837755778438,195.78558432867717
2491265.2481015036,2108.751712797623,0.2536557387626142,0.47329169061367043,0.7101628622459017,188.97154487365944,191.145820531136,196.69645022874317
2491489.762424812,2109.366412643528,0.233072397545395,0.4534383425092542,0.6919668727053305,189.09677755449508,191.43737993134212,197.76269322657902
2491714.2767481203,2109.9811124894313,0.21266078900348426,0.43358681829710377,0.673615699969241,189.2299462968046,191.75456396378854,199.01874458843713
2491938.7910714285,2110.595812335335,0.1924162422084458,0.41367857166438987,0.6551124384710828,189.37085377530224,192.10653289685453,200.5540730288844
2492163.3053947366,2111.2105121812383,0.172770838621309,0.3936275085103723,0.6365677667527327,189.51939817004865,192.4875135230378,202.4461464103482
2492387.819718045,2111.8252120271427,0.15470283803613338,0.373437847310676,0.6178823299402286,189.6782094794194,192.91369064607613,204.88324308242656
2492612.3340413533,2112.439911873046,0.13867014419073234,0.35330688296805624,0.5990446405002191,189.84515693674746,193.38417194460928,208.01952984706
2492836.8483646614,2113.0546117189497,0.1253379316081112,0.3331587004144455,0.5800983822373679,190.0216106931402,193.91525389261278,212.22888388866744
2493061.36268797,2113.6693115648545,0.11430840407531088,0.31296477744343953,0.5610853380779255,190.210187217475,194.51443464484737,218.1901039197343
2493285.877011278,2114.284011410758,0.10403742700161983,0.2928248690917663,0.5419089861275447,190.4162403447816,195.20068913752334,226.95813865083872
2493510.3913345863,2114.8987112566615,0.09652298155092721,0.2734541753622214,0.522514951858937,190.63510709481264,195.98741821457975,240.2574008664725
2493734.905657895,2115.5134111025664,0.09027165369395752,0.2560331252082183,0.5031010255243888,190.87143554105344,196.89505857346268,259.43341505169883
2493959.419981203,2116.12811094847,0.08607954921400914,0.23921377356271267,0.48358694743891556,191.1222683506664,197.97167329402154,283.05223632819803
2494183.934304511,2116.7428107943733,0.0832969875296195,0.22408570615232096,0.46404053716723104,191.39796906967277,199.24639567154844,304.38171823404684
2494408.4486278193,2117.357510640277,0.08027759736534162,0.21071027882208487,0.4445970071115666,191.69950412041732,200.8162681021982,319.47245226219997
2494632.962951128,2117.9722104861817,0.07824185473472661,0.20144189976117016,0.4250748076741937,192.03301683223057,202.75389095727226,329.6574591456987
2494857.477274436,2118.586910332085,0.07659790476414444,0.1929390127400435,0.40645879281209957,192.39519566304776,205.1657804687402,336.389891610484
2495081.991597744,2119.2016101779886,0.07493641103836424,0.18669524105436483,0.3891763652535426,192.79242315574356,208.38980293633662,341.16835055827175
2495306.505921053,2119.8163100238935,0.07372488508606839,0.18149705798699167,0.37576964091875,193.23510049823042,212.6905337439485,344.660978515401
2495531.020244361,2120.431009869797,0.07290737389937609,0.17949146043052572,0.36460797223858504,193.7312146737494,218.74551331675656,347.3262354764636
2495755.534567669,2121.0457097157005,0.07213803762279415,0.17718158998409508,0.3556508860114431,194.28916824572886,227.64155050267036,349.40963610941543
2495980.048890977,2121.660409561604,0.07098535194101954,0.17590206786859502,0.34955689040396515,194.9263294509551,240.8826175007503,351.0924740271735
2496204.5632142858,2122.2751094075084,0.07133100696918848,0.17566931918583673,0.3466468169023473,195.64897789315827,259.8454405118398,352.4624556065042
2496429.077537594,2122.889809253412,0.07177533513159104,0.1774465739172178,0.346538559084895,196.48038105862528,282.97854959734155,353.6103185367778
2496653.591860902,2123.5045090993153,0.07261618896252536,0.18033354606130983,0.3483321731588684,197.45391664495062,304.2463855172473,354.5677720130618
2496878.1061842106,2124.11920894522,0.07389369635168998,0.18405400592008878,0.35365104712323003,198.6083213116494,319.5414450033224,355.38918263287223
2497102.6205075188,2124.7339087911237,0.07583728147504747,0.1877661410307474,0.35949222061909697,199.99539021406113,329.65698554281516,356.1027987580163
2497327.134830827,2125.348608637027,0.07662044064241554,0.19246741610139062,0.36649074293399336,201.66933062892474,336.3935060493084,356.728453374358
2497551.6491541355,2125.963308482932,0.0786079942892201,0.199195901605483,0.37581037091220176,203.74594250304614,341.1779489961121,357.28327015799886
2497776.1634774436,2126.5780083288355,0.08129705488763991,0.20694860694081288,0.3878263312273463,206.43931154414244,344.65811533812376,357.77587099753896
2498000.6778007518,2127.192708174739,0.08420111777894036,0.216340870959075,0.4012837477775968,209.95469763433428,347.3396227693224,358.2155797646471
2498225.19212406,2127.8074080206425,0.0863019122166849,0.2262741939650426,0.41549888801489687,214.81663137040826,349.39340572252854,358.6143933396709
2498449.7064473685,2128.4221078665473,0.08949653266061053,0.23716065171109724,0.4304964212607924,221.59259987954923,351.07559608067425,358.9775413937375
2498674.2207706766,2129.036807712451,0.09384333454375543,0.24926754058762043,0.4478465100577328,231.73688064754177,352.43343968608696,359.30538603943177
2498898.7350939848,2129.6515075583543,0.09847685794570904,0.26247210794036957,0.46583104282548615,246.7560622339766,353.5619628668468,359.6098024627297
2499123.2494172934,2130.266207404259,0.10364205199296883,0.276818223775811,0.4830367708583498,267.29998203861186,354.5214263136009,359.893426351795
2499347.7637406015,2130.8809072501626,0.10985517149597611,0.292245114497924,0.5010532052871924,290.2568437549727,355.3475388348453,0.1493860037134431
2499572.2780639096,2131.495607096066,0.11713994946662222,0.3099448451625755,0.519219923676448,309.6527689376096,356.06397998486824,0.38855753681196104
2499796.792387218,2132.110306941971,0.12313332237101296,0.32814119630833555,0.5370879540549468,323.08175120418764,356.69679817601667,0.6126165783551369
2500021.3067105263,2132.7250067878745,0.13114446731111817,0.3466603485657064,0.5546616501724004,331.9501553052185,357.2481950095883,0.8244068438452244
2500245.8210338345,2133.339706633778,0.14048871732050336,0.3655599391688109,0.5719728784855476,338.06436206364253,357.7372890919118,1.0212879499606842
2500470.3353571426,2133.9544064796814,0.15268096816735854,0.3848692328823433,0.588896034505378,342.37184879011255,358.17836023150033,1.2075438056353118
2500694.849680451,2134.569106325586,0.1651476206132637,0.40424533331061135,0.6052929470311282,345.5673029548728,358.5858063821318,1.3829717288928962
2500919.3640037593,2135.1838061714893,0.17908296029377732,0.42360223224305865,0.6213121154503557,348.0295438799921,358.9458767804257,1.5493098080920766
2501143.8783270675,2135.798506017393,0.1952255343837742,0.44282377475827317,0.6369320309981882,349.9582143296809,359.2828038163235,1.7060812699771633
2501368.392650376,2136.4132058632977,0.21297744061174942,0.4616519941141276,0.6521783759120967,351.5306441433409,359.5906671516114,1.8545855583299202
2501592.906973684,2137.027905709201,0.23198162340419629,0.4803948691789198,0.6667855525828947,352.8099607684081,359.87246556225085,1.9986038138984221
2501817.4212969923,2137.6426055551046,0.2503196661049357,0.4988457480818914,0.6808971751535885,353.8689788930682,0.13686858299006802,2.136659241829306
2502041.9356203005,2138.257305401008,0.2696608155974793,0.516999142928601,0.6944815464790995,354.77911640700074,0.3813700066921827,2.2683911672267727
2502266.449943609,2138.872005246913,0.28980287502138136,0.5349502777686871,0.7073970688464859,355.5728502805193,0.6092148536888247,2.39577484927931
2502490.964266917,2139.4867050928165,0.30985175960664885,0.5525784824979851,0.7196804089095018,356.27086853681607,0.8213675337634646,2.5192214115010536
2502715.4785902253,2140.10140493872,0.3297974504895989,0.5698938340979252,0.7311691666578076,356.87536007795666,1.0201774602473954,2.638388238838277
2502939.992913534,2140.716104784625,0.34955679939853407,0.586733330172942,0.7419238430664203,357.4141822836217,1.2050123089597524,2.754859989153351
2503164.507236842,2141.3308046305283,0.3692413503213401,0.6032371979572002,0.751928791507256,357.89669355263453,1.3816569365376508,2.86752338823659
2503389.02156015,2141.945504476432,0.3887252417847706,0.6192942048276057,0.7604517797359746,358.33562099928963,1.5487503334865322,2.9777150875227254
2503613.5358834583,2142.5602043223353,0.4079886136488352,0.6350032760508784,0.7682240178732023,358.72522652880446,1.708244550401798,3.0846107185682823
2503838.050206767,2143.17490416824,0.42716103373793285,0.6500447658153581,0.7747072396522717,359.08177793570627,1.8609744144353897,3.189406670465444
2504062.564530075,2143.7896040141436,0.4461762669093791,0.6646289549709747,0.7795161909354715,359.4089478580012,2.0062411531771507,3.2925530496557185
2504287.078853383,2144.404303860047,0.4650140375500999,0.6784229337995191,0.7833359650654281,359.7114136380936,2.145510963608449,3.3947343895978594
2504511.593176692,2145.019003705952,0.48353195339079746,0.691509540981714,0.786438114539492,359.9843471972668,2.27892914585282,3.494755168521024
2504736.1075,2145.6337035518554,0.5019451555952827,0.7032431175745242,0.7885222903403075,0.23949160598580885,2.407980438996718,3.594431634122597
