JD,year,x_lo,x_med,x_hi,y_lo,y_med,y_hi
2405158.0,1872.997880439567,-0.12213056342240111,-0.11298438431219715,-0.102872728321748,-1.1483707010651552,-1.1110861722753942,-1.065362470685077
2405432.6240601502,1873.7497761982356,-0.12231034454495629,-0.1134158202383875,-0.10357337469465693,-1.1432481471636473,-1.1076272360364336,-1.0640661908835083
2405707.248120301,1874.5016719569055,-0.12248027597182082,-0.11382641260611531,-0.10422129760431066,-1.137932484989988,-1.1039812737246364,-1.0624027070128808
2405981.872180451,1875.253567715574,-0.12262317442890851,-0.11420323319893752,-0.10483577266690278,-1.1323853133170037,-1.0999497299173764,-1.0603975428804153
2406256.4962406014,1876.0054634742428,-0.12274912184219455,-0.11454376645805167,-0.10541184865358312,-1.1266056842989887,-1.0956986146494085,-1.0579005060491375
2406531.120300752,1876.7573592329127,-0.12285120696351308,-0.11485616237077478,-0.10595092824722328,-1.1206133052267453,-1.091111999834263,-1.0551937753902656
2406805.7443609023,1877.5092549915812,-0.12292577168188351,-0.11513740041037472,-0.10648665501734247,-1.1144279991448536,-1.0862952917713917,-1.0520140628337409
2407080.3684210526,1878.26115075025,-0.1229758483315046,-0.1153833531305242,-0.10697509487461583,-1.1080189922855745,-1.0812013639834985,-1.0484557080561585
2407354.992481203,1879.0130465089185,-0.12301464532141834,-0.11560815599820241,-0.10742176176037346,-1.1014160442884273,-1.0758769423177275,-1.0448275868066588
2407629.6165413535,1879.7649422675884,-0.12302485663555175,-0.11580609552804166,-0.10783428374865461,-1.094583320423296,-1.070325302176243,-1.0408649345494358
2407904.2406015038,1880.5168380262571,-0.12300703667258793,-0.11598052924977084,-0.10822085121171066,-1.087625808434619,-1.0645162984792271,-1.0365666216696536
2408178.864661654,1881.2687337849256,-0.12296790431969715,-0.1161276813949022,-0.10857803074405936,-1.0805255910081784,-1.0585097354157922,-1.0318644129019985
2408453.4887218047,1882.0206295435955,-0.12291026595380153,-0.11624961892572108,-0.10889882881198452,-1.0731785436746735,-1.0522675455821067,-1.0269392528480588
2408728.112781955,1882.7725253022643,-0.12282797795378447,-0.11634342512086557,-0.10919780023844478,-1.0656292502359803,-1.0456570114747459,-1.0216678178256369
2409002.736842105,1883.5244210609328,-0.12271873140000893,-0.11641539130660722,-0.10946266798586395,-1.0578631291427898,-1.0388414526357566,-1.0160219981324552
2409277.360902256,1884.2763168196027,-0.12259312743303868,-0.11645708053535231,-0.10969209081031606,-1.0500102613186826,-1.0318112924530323,-1.0102160099488255
2409551.984962406,1885.0282125782712,-0.12244368160760848,-0.11647530368201696,-0.10989567027297353,-1.0420456542141443,-1.0245323349334248,-1.0040751832662096
2409826.6090225563,1885.78010833694,-0.1222758518472019,-0.11646750047205663,-0.11006195522377718,-1.033862727133062,-1.0170387786195898,-0.9977460150375257
2410101.2330827066,1886.5320040956085,-0.12208476156360519,-0.11644033722187433,-0.11021195094017291,-1.025489683571255,-1.0093180228515148,-0.9910438318372704
2410375.8571428573,1887.2838998542784,-0.12187613571371336,-0.11639062306301798,-0.11031750820953638,-1.016894073589346,-1.001407290626759,-0.984128755605555
2410650.4812030075,1888.0357956129471,-0.12163765616720551,-0.11630375694268091,-0.11040945584032055,-1.0081554347976187,-0.9933205704384976,-0.9768865102379015
2410925.1052631577,1888.7876913716157,-0.12138175109945291,-0.11619945834244473,-0.11046600564037011,-0.9993194045915118,-0.9850110764229112,-0.9693277636155404
2411199.7293233084,1889.5395871302856,-0.12110948186523397,-0.11607566283115373,-0.11050343825399384,-0.9903995357198454,-0.9765311167129704,-0.961614674964303
2411474.3533834587,1890.2914828889543,-0.12081730684185486,-0.11591711645016742,-0.11050775641581001,-0.9811860647186618,-0.9678569605841358,-0.9536372506733799
2411748.977443609,1891.0433786476228,-0.12050498256295429,-0.11574222545131427,-0.1104917397466013,-0.9718995234050071,-0.9589879662174763,-0.9454747844844683
2412023.6015037596,1891.7952744062927,-0.12017815660297124,-0.11553463959990881,-0.11044288430354972,-0.9624227124212824,-0.9499523493443315,-0.9370663222611856
2412298.22556391,1892.5471701649615,-0.1198242000939859,-0.11530913096405893,-0.11037304427074335,-0.9529194057351789,-0.9406749856381326,-0.9283439351205951
2412572.84962406,1893.29906592363,-0.11946304923039325,-0.11506642531418884,-0.11027753693974722,-0.9431326477291304,-0.9311880034308377,-0.9193351178790724
2412847.4736842103,1894.0509616822985,-0.1190817246683832,-0.1148021195658723,-0.1101566138092858,-0.9332671045361165,-0.9215804336488778,-0.9101051732353637
2413122.097744361,1894.8028574409684,-0.1186671976440001,-0.11451062231644979,-0.11000530039455582,-0.9232447023470628,-0.9117911566126056,-0.9006754962248658
2413396.7218045113,1895.5547531996372,-0.11823774534576649,-0.11420317728983395,-0.10983216836605919,-0.9130889427204654,-0.901866907532358,-0.8910860545435924
2413671.3458646615,1896.3066489583057,-0.11779890148441072,-0.11387526389988131,-0.10963489819497288,-0.902847705346815,-0.8917510419609389,-0.8812560311269226
2413945.969924812,1897.0585447169756,-0.11734204003921027,-0.11351858564107115,-0.10941327509862035,-0.8924509747480492,-0.8815154990096775,-0.8711791532333187
2414220.5939849624,1897.8104404756443,-0.11686563124005299,-0.11314839616853423,-0.10916499672533773,-0.8818789889971654,-0.8710956978673728,-0.8609855229736224
2414495.2180451127,1898.5623362343129,-0.116364850262733,-0.11276211305794984,-0.10889939912775803,-0.8712107455714138,-0.860498932486516,-0.8506104245411695
2414769.8421052634,1899.3142319929827,-0.1158603005398892,-0.11235034325460416,-0.1086095164287285,-0.8603521853513385,-0.8497880091224415,-0.8399918072008982
2415044.4661654136,1900.0661277516515,-0.11533017667106514,-0.11191409811610178,-0.10827744151881219,-0.8493522535355706,-0.8389121411826368,-0.829238515024203
2415319.090225564,1900.81802351032,-0.11477893635822259,-0.11146173798783739,-0.10795043907184797,-0.838232430026356,-0.8279124144941286,-0.8182879000424431
2415593.714285714,1901.5699192689888,-0.11421063828129659,-0.11098972088259462,-0.10758219322723747,-0.8269814245375626,-0.8167620081611431,-0.8072139635620773
2415868.338345865,1902.3218150276587,-0.1136194686354923,-0.11049846756379858,-0.10719665429466359,-0.8156517715650641,-0.8054176203548833,-0.795927842568773
2416142.962406015,1903.0737107863272,-0.11301904229812279,-0.10998502684162084,-0.10678981745006039,-0.8041579342264275,-0.7939460609165598,-0.784447242669945
2416417.5864661653,1903.8256065449957,-0.11239895216415098,-0.10944571870555744,-0.10635749780589124,-0.7925449434936137,-0.7823691656523367,-0.7728418775377747
2416692.210526316,1904.5775023036658,-0.11176725425020417,-0.10889614784564541,-0.10589601311037421,-0.7808381935215997,-0.7706559734275271,-0.7611050759338075
2416966.834586466,1905.3293980623343,-0.11111874341543952,-0.10832433136124991,-0.10541561307242803,-0.7689658567103237,-0.758781778024298,-0.7492136117142852
2417241.4586466164,1906.0812938210029,-0.11044298286300047,-0.10773089380373738,-0.10491745028742594,-0.7569809145855838,-0.746782605714863,-0.7372194993823566
2417516.082706767,1906.8331895796728,-0.10975090276834047,-0.10711673682167405,-0.10440264541461436,-0.7448004168313116,-0.7346364581802463,-0.7249935334325949
2417790.7067669174,1907.5850853383415,-0.1090470153080102,-0.10649091451514593,-0.10385910194132277,-0.7325108082100923,-0.7223704838769276,-0.7127208295048035
2418065.3308270676,1908.33698109701,-0.10832466993442978,-0.10584506182752239,-0.10329376520269473,-0.720129090946441,-0.7099558787665696,-0.7002905423550939
2418339.954887218,1909.0888768556788,-0.10758590718395326,-0.10518771008507934,-0.10270887209020343,-0.7076003563794188,-0.6974253959608292,-0.6877274809616991
2418614.5789473685,1909.8407726143487,-0.1068274507008419,-0.10450507455889155,-0.10209474407637688,-0.6949613737776614,-0.6847546268857636,-0.6750521689751532
2418889.203007519,1910.5926683730172,-0.10606098487045441,-0.10380453744760372,-0.10147157190405943,-0.6822048245570229,-0.6719911341330689,-0.662262707184956
2419163.827067669,1911.344564131686,-0.1052767880233449,-0.10308309328984844,-0.10081476907031595,-0.669345109674955,-0.6590953780624087,-0.6493488780109576
2419438.4511278197,1912.0964598903558,-0.10447532174695066,-0.10234851357524172,-0.10014812242511426,-0.6563434782275994,-0.6460766566829725,-0.636315100923143
2419713.07518797,1912.8483556490244,-0.10366631445224588,-0.1015935040742438,-0.09946057724386553,-0.6432227500873524,-0.6329377914318628,-0.6231730233191289
2419987.69924812,1913.6002514076931,-0.10284048036943266,-0.10082957877016345,-0.09874161847245747,-0.6300181811453502,-0.6197144380166766,-0.6099256757815495
2420262.323308271,1914.352147166363,-0.10200029879655967,-0.10004124072081105,-0.09801533229794637,-0.6167083725730879,-0.6063771705598351,-0.596579392954326
2420536.947368421,1915.1040429250315,-0.10114660669395797,-0.09923429142076748,-0.0972654739698097,-0.603268115411765,-0.5929283187817939,-0.5831375648587382
2420811.5714285714,1915.8559386837,-0.10028198910289789,-0.09841272006055585,-0.09649609536421792,-0.5897299754354983,-0.5793720602471193,-0.5695946799064368
2421086.1954887216,1916.6078344423688,-0.09939660268113067,-0.09757239268023972,-0.09570972397031471,-0.5760963164243268,-0.5657361550162106,-0.5559869861661886
2421360.8195488723,1917.3597302010387,-0.09849203649491749,-0.09671538289979156,-0.09490532551506213,-0.5623672840242944,-0.5520105926632414,-0.5422765045694956
2421635.4436090225,1918.1116259597072,-0.09758223257081616,-0.09584522819971408,-0.09409183059223446,-0.5485372009688946,-0.53818511146025,-0.528475347864611
2421910.067669173,1918.863521718376,-0.0966534573501946,-0.0949615847666278,-0.09324702386136247,-0.5346220281475805,-0.5242512116110498,-0.5145956155535399
2422184.6917293235,1919.6154174770459,-0.09571242408156577,-0.09406454484359969,-0.09238130080945446,-0.5205921161022755,-0.510237080242842,-0.5006160010091422
2422459.3157894737,1920.3673132357144,-0.09475481196763108,-0.09314477739973923,-0.09150022317416649,-0.5064826247533403,-0.49613751114457494,-0.48655956085652136
2422733.939849624,1921.1192089943831,-0.09378920857705597,-0.09221064426624281,-0.09060317905359232,-0.492283070168084,-0.4819609267218334,-0.4724025603384207
2423008.5639097746,1921.871104753053,-0.09280591795704957,-0.09125945042447711,-0.08969122383736945,-0.4779754139517861,-0.4676973728111419,-0.45818313277509914
2423283.187969925,1922.6230005117216,-0.09181802759492297,-0.09030048387455879,-0.08876419318015462,-0.46359841575194854,-0.45336857862801183,-0.4438845281553614
2423557.812030075,1923.3748962703903,-0.09081680717602919,-0.08931887649669437,-0.08781225461402986,-0.4491471797114398,-0.43897292362300866,-0.42949189383797903
2423832.4360902254,1924.1267920290588,-0.08980077697858785,-0.0883245913907958,-0.0868334263094656,-0.4346178220075697,-0.42448145289097394,-0.4150481746331725
2424107.060150376,1924.8786877877287,-0.08877347079145415,-0.0873138734978531,-0.08585087249568034,-0.420019053848893,-0.4099155127768793,-0.40052203518018376
2424381.6842105263,1925.6305835463972,-0.08772278977211491,-0.08628455390035784,-0.0848456203706598,-0.40534124676132643,-0.3952765573071419,-0.38592686786216085
2424656.3082706765,1926.382479305066,-0.0866658319083485,-0.08524390619938366,-0.08382696831217665,-0.3905564959689007,-0.38059056652959156,-0.37128399707751575
2424930.932330827,1927.134375063736,-0.08559943062120219,-0.08419012498518297,-0.08279458371579133,-0.37576403797379176,-0.36582691702772624,-0.3565732658452201
2425205.5563909775,1927.8862708224044,-0.08451642147956027,-0.08312045340303842,-0.08173779803197316,-0.3608909693869895,-0.35102510615677485,-0.3417939020417995
2425480.1804511277,1928.6381665810732,-0.08342289633369518,-0.08203691539084842,-0.08066802204751615,-0.34595308591339635,-0.33614068665540986,-0.3269527368869517
2425754.8045112784,1929.390062339743,-0.08231270419120273,-0.08094348547307972,-0.0795778745538813,-0.3309532166583375,-0.3212073570957277,-0.3120555414207078
2426029.4285714286,1930.1419580984116,-0.0811907285811026,-0.07983222682267546,-0.0784680477110283,-0.31589345199499574,-0.30619046784147996,-0.2971046161279777
2426304.052631579,1930.8938538570803,-0.08005608904207849,-0.07871162299828695,-0.07735139080054318,-0.3007556699195805,-0.29113432402273776,-0.2821323515125468
2426578.676691729,1931.6457496157489,-0.07891547795547786,-0.07756978032400913,-0.07621531063274296,-0.2855987365230032,-0.27601008543716904,-0.26708715259124544
2426853.30075188,1932.3976453744187,-0.0777620575917553,-0.07641995958551306,-0.07506537158068861,-0.27038036545737976,-0.2608535593106827,-0.25201170363105047
2427127.92481203,1933.1495411330875,-0.07659449293455722,-0.075255490709212,-0.0738967247521621,-0.255123407484527,-0.24565962654985432,-0.23689308624272837
2427402.5488721803,1933.901436891756,-0.0754154099019124,-0.07407943344065021,-0.07271458217549961,-0.2398113829554689,-0.23042279703994684,-0.2217445724215603
2427677.172932331,1934.653332650426,-0.07422465398672991,-0.07288954032258135,-0.07152077276919631,-0.22444262273610735,-0.21514256848061583,-0.2065207519935392
2427951.796992481,1935.4052284090944,-0.07302586700668905,-0.07168193282549978,-0.0703090951565345,-0.20905109993575682,-0.19980964479686297,-0.1912392216937306
2428226.4210526315,1936.1571241677632,-0.07181037412634307,-0.07046539470993284,-0.06909095900629124,-0.19361265482848214,-0.18444004758008326,-0.17591966464697906
2428501.045112782,1936.909019926433,-0.07058735142209469,-0.06923540376690861,-0.06785093001946975,-0.1781716845539658,-0.16904629149534314,-0.16062595022174095
2428775.6691729324,1937.6609156851016,-0.06934968382156946,-0.06799426191118901,-0.0666038581218218,-0.16270055609392214,-0.1536080214090197,-0.14524393334440414
2429050.2932330826,1938.4128114437704,-0.06809540899236742,-0.06673893950446469,-0.06533890667167293,-0.14716721757395473,-0.13814944833065168,-0.12984665516698832
2429324.917293233,1939.1647072024389,-0.06683300982576942,-0.06546999809059706,-0.0640542827675813,-0.13163043943834446,-0.12267294404835666,-0.11440294241087783
2429599.5413533836,1939.9166029611088,-0.0655647142406079,-0.06419161678562282,-0.0627661818836209,-0.11604528259073185,-0.10720540513597965,-0.09895612696195677
2429874.165413534,1940.6684987197775,-0.06428890961856332,-0.06289733835354305,-0.061459402711725175,-0.10044077284544149,-0.09167490675391443,-0.08348378484988227
2430148.789473684,1941.420394478446,-0.06299536865709658,-0.061594420503547825,-0.06015333391387217,-0.08486895966726833,-0.07612917401961387,-0.06798851810267822
2430423.4135338347,1942.172290237116,-0.0616913762956538,-0.060281865669935236,-0.05882620203280897,-0.06929624676861103,-0.06058502214147399,-0.05250188951610767
2430698.037593985,1942.9241859957847,-0.06036969465033407,-0.05895868421481887,-0.05748965525306237,-0.05367250246000964,-0.04503852490179078,-0.036984399094195326
2430972.661654135,1943.6760817544532,-0.05904465141989887,-0.05761460623851847,-0.05614533568766887,-0.03801392038020291,-0.029476201696628884,-0.02146671844300746
2431247.285714286,1944.427977513123,-0.057708201811869135,-0.05625768806887964,-0.054787360930782764,-0.022368669053059873,-0.01391218913832246,-0.005940720296797657
2431521.909774436,1945.1798732717916,-0.056366526503211986,-0.054897034752690754,-0.053415488830219245,-0.006760279258042143,0.0016704174366044,0.009628066337002287
2431796.5338345864,1945.9317690304604,-0.05500537919004259,-0.05352740078098306,-0.05203448426930788,0.008863224483175173,0.017272195228685096,0.025188687440208236
2432071.1578947366,1946.683664789129,-0.053636333547524666,-0.05214629208634214,-0.05063653417426838,0.02448095126772007,0.03286399920760873,0.040727726717444145
2432345.7819548873,1947.4355605477988,-0.052264457012509986,-0.05075606733113883,-0.049231686685203405,0.04005566673529979,0.04841624039003552,0.05625397462465138
2432620.4060150376,1948.1874563064675,-0.05086970070920638,-0.04935186148837488,-0.047817036265968185,0.05564116228661342,0.06395240144562248,0.07180575897243491
2432895.030075188,1948.939352065136,-0.04946874306002213,-0.047940970382062374,-0.04639285248718716,0.07124284668255661,0.07949608135748798,0.08730802697014986
2433169.6541353385,1949.691247823806,-0.048058932477905915,-0.04652122977401031,-0.04495885687046683,0.08678695428642787,0.09501385898526093,0.10279043441389693
2433444.2781954887,1950.4431435824747,-0.04664109708963442,-0.04508847606873605,-0.0435153157182892,0.1023387306881746,0.1105256645384085,0.11825258442857248
2433718.902255639,1951.1950393411432,-0.04521150407958965,-0.043646725261605485,-0.04206244872393295,0.11788279981029016,0.12597457577003507,0.1337259311351629
2433993.5263157897,1951.9469350998131,-0.04377087247988399,-0.04219870333434139,-0.04060633466307215,0.13336992658915778,0.14143723861120516,0.1491529703465531
2434268.15037594,1952.6988308584819,-0.04232618613281382,-0.04073782349243524,-0.039140735305438525,0.1488459519846635,0.1568738390450568,0.16456899975278527
2434542.77443609,1953.4507266171504,-0.04087456007064464,-0.039268237173408445,-0.03766038118182378,0.1642943496732266,0.17227802055763136,0.1799471151450045
2434817.3984962404,1954.202622375819,-0.03941333141565171,-0.03779331051799266,-0.03616885244500042,0.17972609834038075,0.1876554167532959,0.19526889628879868
2435092.022556391,1954.954518134489,-0.03794498183888995,-0.03630873932414801,-0.03467289834367382,0.19505850681002251,0.2029588782849101,0.21055709482610713
2435366.6466165413,1955.7064138931576,-0.03646995124966475,-0.03481559446655074,-0.03317293624284524,0.2103787731083453,0.21823126258859082,0.22580271313209463
2435641.2706766916,1956.458309651826,-0.03498110958918684,-0.03331452486058699,-0.03166180004138761,0.2256445712073239,0.23345132186967843,0.24098056173351423
2435915.8947368423,1957.210205410496,-0.03348211850560091,-0.03180512012872122,-0.03014533366043,0.24085199953601089,0.24859041135901014,0.2561383315049923
2436190.5187969925,1957.9621011691647,-0.0319742864743129,-0.030292330903221202,-0.02862343329390531,0.2559772774394953,0.2636945357777427,0.27124407109921395
2436465.1428571427,1958.7139969278333,-0.03046105502135042,-0.02877172969190847,-0.02709270193795887,0.27104204866344006,0.27874563923734935,0.2862784857395735
2436739.7669172934,1959.4658926865031,-0.0289425427583115,-0.02724352076670278,-0.02555699333624794,0.2860748649210931,0.29374178326339806,0.30125449579059316
2437014.3909774437,1960.217788445172,-0.02741493414354518,-0.02570849409312323,-0.0240145616181766,0.30101260225695275,0.30864095986723183,0.31613548802617697
2437289.015037594,1960.9696842038404,-0.025886019073889346,-0.024166511420119302,-0.022462947430053285,0.3159128926409288,0.32346876895786336,0.3309446677171088
2437563.639097744,1961.7215799625092,-0.02435019479028279,-0.022618885158639843,-0.020911143782646552,0.3307080020557452,0.33825213021220196,0.34567264087435806
2437838.263157895,1962.473475721179,-0.022806915217462746,-0.02106584222085628,-0.01934708951776547,0.34541961931615567,0.35292976701563217,0.3603429120346057
2438112.887218045,1963.2253714798476,-0.021259335466737805,-0.01950660766998716,-0.017779253784156828,0.36005519133544495,0.36749867776115014,0.3749002358105387
2438387.5112781953,1963.9772672385163,-0.01970484960955571,-0.017942167075679534,-0.016206240591125024,0.37459179941362575,0.3819807531583652,0.38933789560130955
2438662.135338346,1964.7291629971862,-0.01814637221948508,-0.01637449774396354,-0.014626959707006277,0.38897582745915754,0.3963602098772445,0.40371329672186806
2438936.7593984962,1965.4810587558547,-0.016579507987403538,-0.014802022258028383,-0.013047982860883076,0.4032980100957337,0.4106324910304233,0.4179723525534151
2439211.3834586465,1966.2329545145233,-0.015011376484867148,-0.013222936213033689,-0.011465781322423279,0.4175071904541613,0.4247976441551775,0.4321209517689115
2439486.007518797,1966.9848502731932,-0.013437857267681118,-0.011641592720640009,-0.009879111670353808,0.43158853405958075,0.4388347004865766,0.44614540918493245
2439760.6315789474,1967.736746031862,-0.011862679107050017,-0.010059107853406381,-0.008287851573515057,0.4455886004968569,0.45278385993599124,0.4600338442065561
2440035.2556390977,1968.4886417905304,-0.010284856506839784,-0.008473530806505536,-0.006695709073861309,0.45939903945192456,0.4665836037903777,0.47379310757436016
2440309.879699248,1969.2405375491992,-0.008702838687328063,-0.006885244625124052,-0.005096765520801732,0.4731232091530778,0.48023973006276366,0.4874288352265473
2440584.5037593986,1969.992433307869,-0.007118724609242126,-0.005295055234447808,-0.0034992765398684095,0.48669046080905554,0.49377185842012805,0.5009371407269476
2440859.127819549,1970.7443290665376,-0.005529595904764621,-0.003704310903346896,-0.001897761007115713,0.5001260778497139,0.5071335249562869,0.51427051349789
2441133.751879699,1971.4962248252064,-0.003940322226207425,-0.002106264592330563,-0.00029767966937697694,0.5134027521822697,0.5203705054073487,0.5274521288935273
2441408.3759398498,1972.2481205838762,-0.002348439046528212,-0.0005105241463903704,0.001301850408811633,0.5265197146047477,0.533445346465018,0.5404642111199637
2441683.0,1973.0000163425448,-0.00075220274798214,0.0010809899651428624,0.0029002600586099008,0.5394443427010698,0.5463178166512045,0.5532808960689884
2441957.6240601502,1973.7519121012135,0.0008377927308729522,0.0026761406045054913,0.004500224551229408,0.5522137260485813,0.5590170537058743,0.5659207590212991
2442232.248120301,1974.5038078598834,0.0024256266164888064,0.004268880533213434,0.006094789539294466,0.5648053426312714,0.5715439404825597,0.578381213380143
2442506.872180451,1975.255703618552,0.004016619514500653,0.005859939653240328,0.007688509365170177,0.5771697899016606,0.5838793757681668,0.5906368270609943
2442781.4962406014,1976.0075993772205,0.00560367850724896,0.007448904288359003,0.009281118110741908,0.5893614221982802,0.5959919698530811,0.6027162001737155
2443056.120300752,1976.7594951358906,0.007190662562423003,0.009034862829823988,0.010872879731188409,0.6013528649791685,0.607919859157073,0.6145749821231604
2443330.7443609023,1977.511390894559,0.008770412292210103,0.010618529160390421,0.012456328833994829,0.6131248754147545,0.619627847042366,0.6261929536058963
2443605.3684210526,1978.2632866532276,0.01035111427398413,0.012201309669808352,0.014036750241684222,0.6246673288057639,0.6310863929048848,0.6375962598574145
2443879.992481203,1979.0151824118964,0.011927423341615312,0.013778029817113825,0.015610696352787706,0.6360049174045448,0.6423256869099756,0.6487340364074323
2444154.6165413535,1979.7670781705663,0.013497012743013702,0.01534650089709657,0.01717640473067526,0.6471035811951945,0.6532953172792708,0.6596173127175827
2444429.2406015038,1980.5189739292348,0.015057055749535156,0.01690932356416322,0.018738950960877836,0.657905508779777,0.6640047939796443,0.6702338624375055
2444703.864661654,1981.2708696879035,0.016614145200320184,0.018465139642324845,0.020291380482377545,0.6684336483924652,0.6744457740505008,0.6805777250847559
2444978.4887218047,1982.0227654465734,0.018170847124117578,0.02001399277361353,0.02183499340630933,0.6786933485311183,0.6845973915575607,0.6906403821112002
2445253.112781955,1982.774661205242,0.019718773301942164,0.021556252418151057,0.023373574637372434,0.688669486765776,0.6944625870231564,0.7003929075751864
2445527.736842105,1983.5265569639107,0.021255692439100412,0.02308873495085853,0.024897563704909982,0.6983378208991102,0.7040197344769881,0.7098389320762741
2445802.360902256,1984.2784527225806,0.022784881625594923,0.024608846332289405,0.026412937768892,0.707692844119516,0.7132515045704708,0.7189556792531906
2446076.984962406,1985.0303484812491,0.024302475805668182,0.026116662632184554,0.02791324102969207,0.7167196834816729,0.7221608508209914,0.7277369764755091
2446351.6090225563,1985.7822442399179,0.02580527706915313,0.02761412268137428,0.029401269653832062,0.7253909711194729,0.7307121834691359,0.7361709691129114
2446626.2330827066,1986.5341399985864,0.02729577110373937,0.029101680142279818,0.030875645045201114,0.7337133912371896,0.7389197307125008,0.7442365644383935
2446900.8571428573,1987.2860357572563,0.028767068467760122,0.030568103417866015,0.032336408623096974,0.7416729428021089,0.7467330886911212,0.7519260175269505
2447175.4812030075,1988.0379315159248,0.030227388050612872,0.032016887807801486,0.0337777208643824,0.7492354231869571,0.7541529723348938,0.7592046270877284
2447450.1052631577,1988.7898272745936,0.03167172134112907,0.033450087811387016,0.035204293240622,0.7563839165024829,0.7611733833462495,0.7660754155560077
2447724.7293233084,1989.5417230332635,0.033096347798588374,0.03486705115724067,0.0366133598892621,0.7631285336119886,0.7677674527180609,0.7725137661674221
2447999.3533834587,1990.293618791932,0.0344992916467285,0.0362647465106192,0.03799983813786381,0.7694245352258255,0.7739089753676633,0.7785081209261568
2448273.977443609,1991.0455145506007,0.03588555012028134,0.03763954911667219,0.03936246870965361,0.7752793541952127,0.7796112622806841,0.7840279116383656
2448548.6015037596,1991.7974103092706,0.03724774900613672,0.03898708225967801,0.040703839087225385,0.7806423315361859,0.78482319650233,0.7890699465239581
2448823.22556391,1992.5493060679391,0.03858827455196423,0.04031340123325763,0.04201374834025333,0.7855152510280534,0.7895247032388318,0.7936136674892231
2449097.84962406,1993.301201826608,0.039905070070271186,0.041616298368974014,0.04330128686491777,0.7898704617363121,0.7937134177556815,0.7976240481115684
2449372.4736842103,1994.0530975852764,0.04119177088837788,0.04288777765018537,0.044557197270896104,0.7936840354437752,0.7973455481641771,0.801097647115057
2449647.097744361,1994.8049933439463,0.04244749872298029,0.04412530750600126,0.04578037992118633,0.7969284628249704,0.8004207709865573,0.8039945745285471
2449921.7218045113,1995.556889102615,0.043671904693339286,0.04533399471903859,0.046971835211861324,0.7995870930964132,0.8029153729787641,0.8063266505402965
2450196.3458646615,1996.3087848612836,0.044862625893253905,0.04651101908303384,0.048129185208738386,0.801636477368622,0.8048087890566743,0.808049938183131
2450470.969924812,1997.0606806199535,0.0460226166273772,0.047647830006757874,0.049243362720764586,0.803052611645157,0.8060574847846437,0.8091392850859377
2450745.5939849624,1997.812576378622,0.047145218818690646,0.04874549696232221,0.050320415964830424,0.8038088919695925,0.8066410481716495,0.8095519168744238
2451020.2180451127,1998.5644721372907,0.048226893998119864,0.049801853889108724,0.05135224646874068,0.8038679724217481,0.8065498609536784,0.8092923543926831
2451294.8421052634,1999.3163678959606,0.04926473046784209,0.050814002909554776,0.052342933162815755,0.8032350748758649,0.8057321911862985,0.8083087789941972
2451569.4661654136,2000.0682636546292,0.050261117908453126,0.051780694586341054,0.05328256190759498,0.8018348432922427,0.8041895529675613,0.8065944720547904
2451844.090225564,2000.820159413298,0.05120654662041269,0.05269491730676245,0.05416960395598997,0.799680205967674,0.8018730981779332,0.804113024649146
2452118.714285714,2001.5720551719664,0.05210298909866162,0.05356011419992721,0.05500825889170961,0.7967242896197123,0.7987516918999163,0.8008436890521816
2452393.338345865,2002.3239509306363,0.052943074916716404,0.05436798094602321,0.055788084379038407,0.7929251571366912,0.7948116207892262,0.7967405525168999
2452667.962406015,2003.075846689305,0.05372031070010135,0.05511872126253296,0.05650702530067563,0.7882651567995344,0.7899966735006473,0.7917666135028683
2452942.5864661653,2003.8277424479736,0.05444023515024597,0.05580454106624291,0.05716370095737096,0.7826971119980516,0.7842913920540042,0.7859235501759896
2453217.210526316,2004.5796382066435,0.05509667349758299,0.056424479488363245,0.057747817298620975,0.776190357434205,0.7776661551886647,0.7791610711825082
2453491.834586466,2005.3315339653122,0.05567887048019955,0.05697277678948996,0.05826201284249461,0.7687273999440998,0.7700821634142819,0.7714454779774589
2453766.4586466164,2006.0834297239808,0.05619213022094166,0.057451229204637175,0.058705778643949734,0.7602679522521874,0.7615080546732415,0.7627508259240275
2454041.082706767,2006.8353254826507,0.05663350272846289,0.057852483961883236,0.059069646094357275,0.7507872123093033,0.7519208846018207,0.753042240046316
2454315.7067669174,2007.5872212413192,0.05699261218529044,0.05817093621859201,0.05934889193339004,0.740239856504013,0.7412690844035748,0.7423023117441471
2454590.3308270676,2008.339116999988,0.05727105175219598,0.05840554311358634,0.05954398861070215,0.7285996139852826,0.7295366247936109,0.7304727213744984
2454864.954887218,2009.0910127586565,0.05745633173711181,0.05855232158518848,0.05964724126388794,0.7158429442376326,0.7166914494478176,0.7175455834519266
2455139.5789473685,2009.8429085173264,0.05755411839942893,0.05860571756409633,0.05965745472393498,0.7019359584664417,0.7027047934153199,0.7034795601473598
2455414.203007519,2010.594804275995,0.05755711181926742,0.05855892700126632,0.05956705968960371,0.6868510633395392,0.6875517962412453,0.6882522187954581
2455688.827067669,2011.3467000346636,0.057455933748981135,0.058414961026382516,0.05937291144349933,0.6705589806021865,0.6712002620037022,0.6718470488439392
2455963.4511278197,2012.0985957933335,0.057258716594986776,0.05816461283421988,0.05907600865740147,0.6530364258269061,0.6536356538612125,0.6542403347559387
2456238.07518797,2012.8504915520023,0.056948737576477136,0.05780581573977292,0.05866348226256577,0.6342842102570168,0.6348450272718319,0.6354086370647436
2456512.69924812,2013.6023873106708,0.056525845571785624,0.057329863073937476,0.058136498619567385,0.6142769493986865,0.6148125265563551,0.6153418479405502
2456787.323308271,2014.3542830693407,0.05599392415847647,0.056738253348886575,0.057492568967745676,0.5930137291166824,0.5935235340033586,0.5940286324891895
2457061.947368421,2015.1061788280094,0.05533263993791205,0.05602512679600808,0.0567282670586341,0.5704863171710458,0.5709792316025477,0.5714642368377063
2457336.5714285714,2015.858074586678,0.054553006856240156,0.055192078527480315,0.055839879221184954,0.546710159092006,0.5471835616041709,0.5476507070773997
2457611.1954887216,2016.6099703453465,0.05364724789025205,0.05422909812593807,0.05482337029836073,0.5216911010926846,0.5221494758777367,0.5226030225834061
2457885.8195488723,2017.3618661040164,0.052613997418349,0.05314240841079032,0.05367997940858619,0.49544825739686704,0.4958922691108023,0.496330427797611
2458160.4436090225,2018.1137618626851,0.051448629547838486,0.051928912920828546,0.052415351442443504,0.46800939881285,0.4684323176947951,0.46885343892706444
2458435.067669173,2018.8656576213536,0.05015650686259218,0.050586775107851055,0.05102269808852641,0.43942066461412665,0.43981213029777044,0.44020593614580594
2458709.6917293235,2019.6175533800235,0.048736467342798184,0.049114658172452225,0.04950162782740939,0.4097241819275365,0.41007288935050257,0.4104270962990533
2458984.3157894737,2020.3694491386923,0.04718106011945123,0.047513052347435,0.04785366982731026,0.37897043762550364,0.37926882251225696,0.37957056169794856
2459258.939849624,2021.1213448973608,0.04549266038896622,0.04578670841307868,0.04609225047226453,0.34722490903392844,0.3474561479787017,0.34769198196791357
2459533.5639097746,2021.8732406560307,0.04366398897458973,0.043939145134254856,0.04422155932514904,0.314556260175884,0.3147088473764993,0.31486220572483076
2459808.187969925,2022.6251364146995,0.04170010449595129,0.04196917264156314,0.04224363056082195,0.2810201249191919,0.28110330112697846,0.2811816431937378
2460082.812030075,2023.377032173368,0.0396043166373481,0.03988222440528684,0.040171810531240255,0.2466011998180746,0.24671829449521046,0.2468364732774386
2460357.4360902254,2024.1289279320367,0.037381169617606964,0.03768768262042921,0.037998047618613764,0.21140829057578908,0.21165670509723328,0.21189359398664392
2460632.060150376,2024.8808236907066,0.03504439654188376,0.03538717745474717,0.03573539741896922,0.1756011245887567,0.17600399470916883,0.1763880845764906
2460906.6842105263,2025.6327194493751,0.032599829825118415,0.03298669982812386,0.03338058165864534,0.13928662318351603,0.1398643393366192,0.14041260373223585
2461181.3082706765,2026.3846152080437,0.030058623591028948,0.030495333433601782,0.030944201531932083,0.10257392968295155,0.10333682068261754,0.10406436150855
2461455.932330827,2027.1365109667136,0.02743449725420269,0.027920958584394067,0.02842503264806903,0.06557038262403697,0.06652660303591498,0.06744263089279816
2461730.5563909775,2027.8884067253823,0.02473055714773524,0.025273299252208347,0.025833027291385136,0.028380781470009112,0.029535801240119564,0.03065193536660924
2462005.1804511277,2028.6403024840508,0.021955806527490667,0.022551913975809322,0.02317310948960392,-0.008887642805602723,-0.007531840871454115,-0.0062204639109981665
2462279.8045112784,2029.3921982427207,0.01912164771934546,0.01977469590807055,0.020455374260443165,-0.04613519378588343,-0.04458120994600163,-0.043076347955676636
2462554.4285714286,2030.1440940013895,0.016236308259377365,0.016950044256712177,0.017688249727772467,-0.08325721273328932,-0.08151676750969655,-0.07982857343115174
2462829.052631579,2030.895989760058,0.01330804683551442,0.014081243311355978,0.014878424706481843,-0.1201632084266304,-0.11824841647468382,-0.11639231200020021
2463103.676691729,2031.6478855187268,0.010344324276234792,0.011181040010297003,0.012038199724992215,-0.15676463563841259,-0.154692954565179,-0.1526894717906837
2463378.30075188,2032.3997812773966,0.007354763689844727,0.008249409909576238,0.009171576208261778,-0.19297918002868408,-0.19077709223865724,-0.1886409068563494
2463652.92481203,2033.1516770360652,0.004351069057837971,0.005302095373749181,0.006283026607268384,-0.22873168084125475,-0.22642681923872127,-0.22418405463317362
2463927.5488721803,2033.903572794734,0.0013366117020143702,0.0023411316009448353,0.00337948246262739,-0.26395658529707405,-0.2615812320939615,-0.2592549212525859
2464202.172932331,2034.6554685534038,-0.0016859848118761609,-0.0006242881259305791,0.00047452692338246203,-0.29858907245423966,-0.29616920957119997,-0.29379763380982743
2464476.796992481,2035.4073643120723,-0.004709125454016096,-0.0035856215767950134,-0.002437637885110795,-0.3325758191975792,-0.33015279270689357,-0.3277627451601222
2464751.4210526315,2036.1592600707409,-0.007720837455938652,-0.006540407540084319,-0.005339158599933471,-0.36589365309409994,-0.3634852178011991,-0.36111536790974014
2465026.045112782,2036.9111558294107,-0.010718165373322127,-0.00948386213186779,-0.00823348315895224,-0.3984869317372356,-0.3961234628522003,-0.3937730675084211
2465300.6691729324,2037.6630515880795,-0.013687350325015574,-0.012411806299504294,-0.011110734348466073,-0.4303374669867526,-0.4280336959952855,-0.4257383088334742
2465575.2932330826,2038.414947346748,-0.016643758656004096,-0.01532069655634862,-0.013963610264182243,-0.4614371523817779,-0.4591966929518998,-0.4570101071647582
2465849.917293233,2039.1668431054168,-0.019568028002640608,-0.0182000791897567,-0.01680016560143286,-0.49177336987321546,-0.4896069796413257,-0.48747443302138327
2466124.5413533836,2039.9187388640867,-0.0224554994250092,-0.021054326055092783,-0.019608336918638808,-0.521370705776702,-0.5192299265916536,-0.5170886955180777
2466399.165413534,2040.6706346227552,-0.025311672699709964,-0.023873726703441886,-0.02238814100141606,-0.5502330745662245,-0.5480420967897192,-0.5458308971938091
2466673.789473684,2041.422530381424,-0.028130811243885435,-0.026655084912204894,-0.025140022308234453,-0.5783783713928156,-0.5760401043052491,-0.5737227710142005
2466948.4135338347,2042.1744261400938,-0.030906898122411666,-0.029399918021756757,-0.027853805878742397,-0.6058368063548246,-0.6032596988100265,-0.6006289449284767
2467223.037593985,2042.9263218987624,-0.03364006350759064,-0.0321115799484931,-0.030531281988634505,-0.6325696433477518,-0.6296502282457941,-0.6266007316235758
2467497.661654135,2043.678217657431,-0.03632787084265095,-0.03478033783423946,-0.03316333456652791,-0.6585872186260671,-0.6552437496135703,-0.6516681603064445
2467772.285714286,2044.430113416101,-0.03897211007593839,-0.03740376695954778,-0.035757705366138016,-0.6839100345293899,-0.6800537961193307,-0.67579824205083
2468046.909774436,2045.1820091747695,-0.04156636803499955,-0.039980681755362096,-0.038315202317244675,-0.7085054937552494,-0.7040024789393295,-0.6990421962122985
2468321.5338345864,2045.933904933438,-0.0441175709368904,-0.04251027476541924,-0.04082799333743947,-0.7323681569590188,-0.7271849640324545,-0.7214377015914537
2468596.1578947366,2046.6858006921068,-0.046614137600266774,-0.0449961556980491,-0.043292967477903406,-0.7555145410773687,-0.7495682054416493,-0.7429762030110775
2468870.7819548873,2047.4376964507767,-0.04906149247904403,-0.04743296236673657,-0.04571370020894524,-0.7779745161123308,-0.7711375078395681,-0.7636692479795107
2469145.4060150376,2048.1895922094454,-0.05146019684587677,-0.04982153370637449,-0.048082993572422295,-0.7997189387907472,-0.7919510603543208,-0.7835440208464984
2469420.030075188,2048.941487968114,-0.05381406028469257,-0.05216110868002042,-0.05041173952906603,-0.8207177674833643,-0.8119780047790486,-0.8025875910069374
2469694.6541353385,2049.693383726784,-0.056114289732826214,-0.05445250686969551,-0.05269654467788173,-0.8410385148102306,-0.83125375279714,-0.820812262047172
2469969.2781954887,2050.4452794854524,-0.05836896230462945,-0.056698280013734934,-0.054933987469901975,-0.8606506051317422,-0.8498084806113051,-0.8382305716235171
2470243.902255639,2051.197175244121,-0.06057287883366359,-0.05888622054182406,-0.05712930520445816,-0.8795715642872828,-0.8676292342017375,-0.8549335288986066
2470518.5263157897,2051.949071002791,-0.06272494445148145,-0.06103292937791924,-0.05927098632937121,-0.8978256693512443,-0.8847346182716602,-0.8708357502461069
2470793.15037594,2052.7009667614598,-0.06483568744843181,-0.0631327195121262,-0.061368069891995246,-0.9153911580772573,-0.9011168993850811,-0.886021705663264
2471067.77443609,2053.4528625201283,-0.06689131184079189,-0.0651766801044924,-0.06341039491372708,-0.9323590269142736,-0.9168067510718269,-0.9004881257131402
2471342.3984962404,2054.204758278797,-0.06890062056565815,-0.06717866320678492,-0.06540258543129793,-0.9486892761983076,-0.9318214656912869,-0.9142008005119832
2471617.022556391,2054.9566540374667,-0.07086255437339524,-0.06913641895083769,-0.06735501009543073,-0.96437625023237,-0.9461769882992419,-0.927267550759803
2471891.6466165413,2055.7085497961352,-0.07278637960694018,-0.07104051428940045,-0.06925481420050207,-0.9794154618843915,-0.959897656693494,-0.9396604907529201
2472166.2706766916,2056.460445554804,-0.07465347795666097,-0.0728983265650702,-0.07110119001045064,-0.9938097260242741,-0.9729867704677411,-0.951384692461288
2472440.8947368423,2057.212341313474,-0.07647330692807826,-0.07470790607077915,-0.07290835730281384,-1.0077061785400374,-0.9854283210184511,-0.9624110751919187
2472715.5187969925,2057.9642370721426,-0.07824443973476666,-0.07646229972712817,-0.07467554406919565,-1.0209142450141588,-0.9972528600682202,-0.9728012645150246
2472990.1428571427,2058.716132830811,-0.07998207061864337,-0.07818496397555902,-0.07639037401209708,-1.0336136716447644,-1.0084935780176774,-0.9826254478635575
2473264.7669172934,2059.468028589481,-0.0816664796961454,-0.07986055027917917,-0.07804978068790995,-1.045720268730029,-1.0191532397472414,-0.9917906823788971
2473539.3909774437,2060.2199243481496,-0.08331551501355901,-0.08148785521789846,-0.07967047322896562,-1.0573051549447963,-1.0292564904286086,-1.0004021743193687
2473814.015037594,2060.971820106818,-0.08492427722858971,-0.08306727628330406,-0.08122919520346818,-1.0683616235567581,-1.038794545559169,-1.008391771236223
2474088.6390977446,2061.723715865488,-0.08649013289427886,-0.0846061634114621,-0.08274819042386544,-1.078880842117818,-1.0478146231148058,-1.0158138357613617
2474363.263157895,2062.475611624157,-0.08800898423098735,-0.08610003973446112,-0.08421663810722672,-1.0888787736686738,-1.0562726238761067,-1.0226502589518087
2474637.887218045,2063.2275073828255,-0.08949421908368566,-0.0875455622443122,-0.08564942646686732,-1.0983457528923033,-1.0641706204284356,-1.029010670348887
2474912.5112781953,2063.979403141494,-0.09094667549604572,-0.08896299901153537,-0.08703289905095118,-1.1073125152263383,-1.0716049166508128,-1.0348070085126055
2475187.135338346,2064.731298900164,-0.09234739352176193,-0.09033108250169355,-0.08836324944433757,-1.1158195188026314,-1.0784976051290862,-1.0401073311366318
2475461.7593984962,2065.4831946588324,-0.0937153374642179,-0.09166144678785312,-0.08966696978195558,-1.1238681788026152,-1.0849020114505863,-1.0448970516236713
2475736.3834586465,2066.235090417501,-0.09505109382037705,-0.09294359272776781,-0.09092651164556624,-1.1314775949039413,-1.090839314498907,-1.049158244275143
2476011.007518797,2066.9869861761713,-0.09635395930597207,-0.09418788228396446,-0.09211605920698601,-1.1385742752896149,-1.0962883856236154,-1.0529663514355019
2476285.6315789474,2067.73888193484,-0.09762106905759028,-0.09539390427687061,-0.09327875248392327,-1.1452126922415236,-1.101259679238297,-1.056297133192175
2476560.2556390977,2068.4907776935083,-0.09884532212579032,-0.09656905696970122,-0.09439302841562061,-1.151485933504292,-1.1057833123617828,-1.0591394263501133
2476834.879699248,2069.242673452177,-0.10003933153180489,-0.0976996700093311,-0.09547036463067027,-1.1572700345755047,-1.109831082129979,-1.0615471907928389
2477109.5037593986,2069.9945692108467,-0.10118743340428403,-0.09879145910375964,-0.09650689917826903,-1.1626472485779389,-1.1134760726421211,-1.0635018982671252
2477384.127819549,2070.7464649695153,-0.10230951358934927,-0.09984921048546284,-0.09749783790420602,-1.1675961227059355,-1.1167202625882755,-1.0650496913183807
2477658.751879699,2071.4983607281843,-0.10339534880280507,-0.10086536855766574,-0.09844447560238331,-1.172140320336312,-1.119550919280275,-1.066140021643691
2477933.3759398498,2072.250256486854,-0.10444819965587557,-0.10184841311632543,-0.09934684458457159,-1.1762862582946578,-1.1219741001239427,-1.0667758064442687
2478208.0,2073.0021522455227,-0.10546431636203923,-0.10278954043000096,-0.10020628117788805,-1.18000213803382,-1.1239687862690515,-1.0670299244959263
2478482.6240601502,2073.754048004191,-0.10645073367183301,-0.10371343513392317,-0.10103262993414804,-1.183367401526506,-1.1255807890008125,-1.0669413036522954
2478757.248120301,2074.505943762861,-0.10740897857768329,-0.10459589793027804,-0.10181677136744059,-1.186369239262275,-1.126821802538187,-1.0663516907247683
2479031.872180451,2075.2578395215296,-0.10834236612226286,-0.10543334478293538,-0.10255433367089348,-1.188975999810459,-1.1276964925229453,-1.0654505372857113
2479306.4962406014,2076.0097352801986,-0.10922593660660168,-0.10623820189925176,-0.10326480901165032,-1.1912228515370273,-1.1282026385467674,-1.0642448975839232
2479581.120300752,2076.7616310388685,-0.1100737017955429,-0.10701336810842131,-0.10393585087886596,-1.1931168049109309,-1.1283275304195506,-1.062596710456007
2479855.7443609023,2077.513526797537,-0.11092141197190314,-0.10775484143430514,-0.10458028237451995,-1.1946458885861624,-1.1280797301816592,-1.0606092345995262
2480130.3684210526,2078.2654225562055,-0.11172270999964955,-0.10846293404683141,-0.1051770279689429,-1.1958271004859036,-1.1274974961072257,-1.058294540491695
2480404.992481203,2079.017318314874,-0.11249086821739321,-0.10913525077680092,-0.10574622682035872,-1.1966837153055228,-1.1265699914641478,-1.0556535631172026
2480679.6165413535,2079.769214073544,-0.1132328968333977,-0.10978081750029714,-0.10628426998212187,-1.197233162239308,-1.125295420416765,-1.0526918935206604
2480954.2406015038,2080.5211098322125,-0.11394220491292271,-0.11039379923811884,-0.10679134889247967,-1.197465453781885,-1.1237216929955958,-1.049360962031308
2481228.864661654,2081.2730055908814,-0.11463158750292486,-0.11096444565850733,-0.10725311139312614,-1.197372651346177,-1.1218188704125676,-1.0457223776094233
2481503.4887218047,2082.0249013495513,-0.11527462752545606,-0.11151607934096582,-0.10768283693758884,-1.1969146682656275,-1.1195676229178784,-1.041810508265915
2481778.112781955,2082.77679710822,-0.11589720999760428,-0.11204113194282472,-0.10808466757044692,-1.19616675699696,-1.117027904499205,-1.0375461229465595
2482052.736842105,2083.5286928668884,-0.1165030937555588,-0.11253183327649369,-0.10844604993516653,-1.195154733739989,-1.1142200243203635,-1.032978406800919
2482327.360902256,2084.2805886255583,-0.11707239086972096,-0.1129919986566294,-0.10877579131754518,-1.1938541240220422,-1.111107969456293,-1.0280867006374217
2482601.984962406,2085.032484384227,-0.11760574699281384,-0.11342230051820412,-0.10908527902364801,-1.1922630613775125,-1.1077150302324563,-1.0229449403970574
2482876.6090225563,2085.7843801428958,-0.11811139376303938,-0.11382167453669316,-0.10935263713162051,-1.1903198585572845,-1.1040343564293282,-1.0174992912105292
2483151.2330827066,2086.5362759015643,-0.11860353029840714,-0.11418385274493462,-0.10959750387704557,-1.1881109542187076,-1.1000889062004502,-1.0118068567401195
2483425.8571428573,2087.288171660234,-0.11905959785105868,-0.11451994383893463,-0.10981040540161548,-1.1856738896458332,-1.0958417557914153,-1.0058162306898775
2483700.4812030075,2088.0400674189027,-0.11949442612718286,-0.11483234516701395,-0.10999449162902848,-1.1829464811277384,-1.0913045275299171,-0.9995856830485393
2483975.1052631577,2088.7919631775712,-0.11990334553395311,-0.11511989037350656,-0.11013474290627029,-1.1799493262739873,-1.0864819377589665,-0.9930602313027213
2484249.7293233084,2089.543858936241,-0.12028761188913488,-0.11537361896709766,-0.1102499482437972,-1.1766582457937154,-1.0814411495254956,-0.986280875460308
2484524.3533834587,2090.29575469491,-0.12064132106436579,-0.11559967786868224,-0.11035378510108436,-1.173088929281172,-1.076142997410901,-0.9792794190208692
2484798.977443609,2091.0476504535786,-0.1209629665038194,-0.1157993778514649,-0.11042319504005402,-1.1693476052720024,-1.0705614760933506,-0.9720080183333517
2485073.6015037596,2091.7995462122485,-0.12127512116267346,-0.11597588443285278,-0.1104739981426818,-1.1652985644461757,-1.0647574870848697,-0.9645445804830683
2485348.22556391,2092.551441970917,-0.12153962116818752,-0.1161174938477294,-0.11048477974508611,-1.1609867834903151,-1.0587004004468996,-0.9568383983013841
2485622.84962406,2093.3033377295856,-0.1217917459564071,-0.11623748586026311,-0.11047864427413458,-1.1564272119148586,-1.052375498958253,-0.9488115765046004
2485897.4736842103,2094.055233488254,-0.12201039858617821,-0.11632068699225816,-0.11043236519589755,-1.1516559798882646,-1.045778499381595,-0.940618203418743
2486172.097744361,2094.807129246924,-0.12221705683696964,-0.1163919881248793,-0.11037248684984663,-1.146747459482346,-1.039033763155986,-0.9322107087047896
2486446.7218045113,2095.559025005593,-0.12241309998140527,-0.11643336619535949,-0.11027490767305165,-1.141432574793064,-1.0320429304069771,-0.9235659021838647
2486721.3458646615,2096.3109207642615,-0.12256011289724497,-0.11645330900848175,-0.11016674938849562,-1.1359748276588877,-1.024832939992756,-0.9147457984491615
2486995.969924812,2097.0628165229314,-0.12268708178208416,-0.1164389542261425,-0.1100279521706472,-1.130297202086279,-1.0174323458009629,-0.9056536758390735
2487270.5939849624,2097.8147122816,-0.12280141421101706,-0.11640734498678243,-0.10985447845834745,-1.1244110067340598,-1.0097528697762836,-0.8964068454722052
2487545.2180451127,2098.5666080402684,-0.12287311730156947,-0.1163548501327733,-0.1096771247607822,-1.1183117036837864,-1.0018694748981858,-0.8869169685605482
2487819.8421052634,2099.3185037989383,-0.1229392821861146,-0.11626930107771133,-0.10945874891688971,-1.1119895177732846,-0.9938078293789219,-0.8772865368249742
2488094.4661654136,2100.070399557607,-0.12298017247161372,-0.11616718640066145,-0.10920398857948448,-1.105406936955478,-0.9855292271033803,-0.867438688972522
2488369.090225564,2100.822295316276,-0.12299076688299129,-0.11604338949410979,-0.10893975969531992,-1.0986014589461237,-0.9770675661480772,-0.8573518187610472
2488643.714285714,2101.5741910749443,-0.12297859237264401,-0.11589209465560443,-0.10864238461719791,-1.0916432528511752,-0.9683694561507497,-0.8471529912961426
2488918.338345865,2102.326086833614,-0.1229496437906707,-0.11571603953099602,-0.10834566758678915,-1.0845681802950524,-0.9595142210834995,-0.8366918843003534
2489192.962406015,2103.0779825922828,-0.12290582550347541,-0.11551392295474266,-0.10801294489277248,-1.0772547607591854,-0.9504763832544768,-0.8261117483038343
2489467.5864661653,2103.8298783509513,-0.12282025447823616,-0.1152924907309768,-0.10765215759927531,-1.0697270315992335,-0.9412396417979076,-0.8153531012197369
2489742.210526316,2104.581774109621,-0.12273658051428532,-0.11505355577365646,-0.10727636408710393,-1.0620690144325817,-0.9318209559593629,-0.8043737241459423
2490016.834586466,2105.33366986829,-0.12262342581752628,-0.11478675353494597,-0.1068720758142793,-1.0541586330913497,-0.9222273983480902,-0.7933476617251558
2490291.4586466164,2106.0855656269587,-0.12250291814579435,-0.11449455671097138,-0.10644316644185592,-1.0461114568658683,-0.9124284272083605,-0.7820551085007663
2490566.082706767,2106.8374613856286,-0.12234876410391492,-0.11419809909812376,-0.1059999690820881,-1.0378319858668126,-0.9024985069869188,-0.7705907708250662
2490840.7067669174,2107.589357144297,-0.12218899227024917,-0.11386487643282811,-0.10553935480039398,-1.029439277356679,-0.8923698484709646,-0.7590679793876668
2491115.3308270676,2108.3412529029656,-0.12198449523766759,-0.11350911554713544,-0.10505638824146155,-1.0208772924699925,-0.8820671684071486,-0.7473367419095232
2491389.954887218,2109.0931486616346,-0.12174710002799573,-0.1131347364439685,-0.1045403730217483,-1.0119443918793665,-0.8715855643464442,-0.7355184338095643
2491664.5789473685,2109.8450444203045,-0.12150838748021452,-0.11274401006621323,-0.10401226287222748,-1.0030039331203713,-0.8609738621228974,-0.7235055568225532
2491939.203007519,2110.596940178973,-0.12125498953568832,-0.1123328910641323,-0.10345180516257009,-0.993869585804783,-0.8502395061423542,-0.7113234872866463
2492213.827067669,2111.3488359376415,-0.12097164417271761,-0.1119015325153263,-0.10287123589767878,-0.9846078737079794,-0.8393367398263933,-0.6989888808119847
2492488.4511278197,2112.1007316963114,-0.12068205423737227,-0.11144385217406808,-0.10228052645935393,-0.9752079407059606,-0.8283324236324443,-0.6865145324165628
2492763.07518797,2112.85262745498,-0.12036612960560959,-0.11097208086854032,-0.10166811555859087,-0.965602180139488,-0.8172065506209842,-0.6739596740642451
2493037.69924812,2113.6045232136485,-0.12003524217808308,-0.1104786131185723,-0.10103626529927585,-0.9558915825034602,-0.8058333440875856,-0.6611806313376197
2493312.323308271,2114.3564189723184,-0.11968060862141573,-0.10997120225117854,-0.10038168338317162,-0.9459997028270288,-0.7943129298257425,-0.6482686985747615
2493586.947368421,2115.1083147309873,-0.11930161236414946,-0.1094405570202086,-0.09970661789629477,-0.93600377990403,-0.7826170370332302,-0.6353165543144774
2493861.5714285714,2115.860210489656,-0.11890520355087794,-0.10889065263020142,-0.09901161151605219,-0.9257367100316736,-0.7707860544191447,-0.6222046087987886
2494136.1954887216,2116.6121062483244,-0.1184888088484733,-0.1083175524559335,-0.0982889636216354,-0.9153245132138716,-0.7588681457217534,-0.608990202094147
2494410.8195488723,2117.3640020069943,-0.11806209771532972,-0.10773109351265472,-0.09754521391763359,-0.9047997835604316,-0.7468631440346822,-0.5956601690087948
2494685.4436090225,2118.115897765663,-0.11760485837534043,-0.10713164653371074,-0.09678248366779901,-0.8940730905244229,-0.7346646603288062,-0.5821919910481294
2494960.067669173,2118.867793524332,-0.11713503662131694,-0.10650269669509055,-0.09600580587801139,-0.8832142036379378,-0.7223562477597161,-0.5685382412405416
2495234.6917293235,2119.6196892830017,-0.11666255614292875,-0.10585878837836489,-0.09521892602202346,-0.8722225136246693,-0.709867609311277,-0.5548059781709831
2495509.3157894737,2120.37158504167,-0.1161500050683563,-0.1051841163968264,-0.09440192669474774,-0.861126220152906,-0.6972775758886531,-0.5409679766284557
2495783.939849624,2121.1234808003387,-0.11562719178522883,-0.10449960664520458,-0.0935642010695576,-0.8499401786085695,-0.6846462724315096,-0.527107969158916
2496058.5639097746,2121.8753765590086,-0.11507725565608123,-0.10379804977596763,-0.09272054432219234,-0.8385786494258693,-0.6718399149882143,-0.5130728955041685
2496333.187969925,2122.627272317677,-0.11451481348805821,-0.10306945129444374,-0.09186639631277227,-0.827154830324425,-0.6589675322519295,-0.4989309080940694
2496607.812030075,2123.3791680763456,-0.11393923736702091,-0.102332335437821,-0.09098152005891455,-0.8155037931925694,-0.6458932394375765,-0.48472456403026226
2496882.4360902254,2124.1310638350146,-0.11333541750389223,-0.10159394635571628,-0.09007957637421693,-0.8038093831729441,-0.6327980428539905,-0.4704734541382596
2497157.060150376,2124.8829595936845,-0.1127195717482099,-0.10082842695773818,-0.08917430440684594,-0.7919795247220527,-0.6195716739124892,-0.4560124449642
2497431.6842105263,2125.634855352353,-0.1121129952988804,-0.10004173273120619,-0.08825126697115877,-0.7799693157346728,-0.6061836526351911,-0.4416213765959475
2497706.3082706765,2126.3867511110216,-0.11145679019499151,-0.09923723513253555,-0.08729927335540169,-0.7678100361933466,-0.592787760343209,-0.4270667811947867
2497980.932330827,2127.1386468696915,-0.11080003424586134,-0.09841521030732828,-0.08633074591070347,-0.7556210431814995,-0.5791974659299578,-0.41244085595934515
2498255.5563909775,2127.89054262836,-0.1101283490700039,-0.09757565567781487,-0.08535176344804572,-0.7433178456788782,-0.5654793093430452,-0.3977769403461844
2498530.1804511277,2128.642438387029,-0.10942191774906951,-0.096720794527752,-0.08435813673546771,-0.7308966595070728,-0.5517527127241708,-0.3830033539921574
2498804.8045112784,2129.394334145699,-0.10871077521204772,-0.09585044360534498,-0.08334948955997937,-0.7182807285595278,-0.5379372924900256,-0.3682250486416883
2499079.4285714286,2130.1462299043674,-0.10798710624447311,-0.0949568823110486,-0.08231376805196755,-0.7055952842464513,-0.5240129587529039,-0.3533219590420505
2499354.052631579,2130.898125663036,-0.10724062663748295,-0.09404918728786388,-0.08128730140354767,-0.6928726274185598,-0.5099810311862689,-0.33838529528076683
2499628.676691729,2131.6500214217044,-0.10648056101019586,-0.09312633778004936,-0.08022630391618789,-0.6800099544698278,-0.49587435013870285,-0.3233849588044886
2499903.30075188,2132.4019171803743,-0.10570180178256781,-0.09217480410194404,-0.07914715651248062,-0.66699524573454,-0.48171536640416346,-0.3082939782814042
2500177.92481203,2133.153812939043,-0.10489996378269469,-0.09121858132459984,-0.07805715033758309,-0.653842451551984,-0.4674488213347656,-0.2930187585591607
2500452.5488721803,2133.905708697712,-0.10409803475572386,-0.09026373477257107,-0.07696074965859512,-0.6406496749394012,-0.453135867778664,-0.2777400868695575
2500727.172932331,2134.6576044563817,-0.10325834445809816,-0.08928314530000626,-0.07584357994914229,-0.6274321176961615,-0.43870971926323227,-0.26253872827132163
2501001.796992481,2135.4095002150502,-0.10242554530041544,-0.08829538347720768,-0.07470629732644277,-0.6141284969632127,-0.42421035355181114,-0.2472458681282386
2501276.4210526315,2136.1613959737188,-0.10156306306188138,-0.08729535139511525,-0.07355438397810822,-0.6006809629345258,-0.4096211793105282,-0.23181996167751961
2501551.045112782,2136.9132917323886,-0.10070158563620817,-0.08627756256674417,-0.07240273370750787,-0.5871561884191312,-0.394917193664336,-0.21637844278798954
2501825.6691729324,2137.665187491057,-0.09981475987574033,-0.08522921122177621,-0.07123616449532011,-0.5735002004143752,-0.3801962825653756,-0.20090980857121266
2502100.2932330826,2138.417083249726,-0.09892166353712627,-0.08416724615553137,-0.07004465425220542,-0.5597992562629459,-0.36535583128743837,-0.18528882561607604
2502374.917293233,2139.1689790083947,-0.09801419521049404,-0.08309893974139913,-0.06884121485634619,-0.5460707780972098,-0.3504257796281506,-0.1697029587194738
2502649.5413533836,2139.9208747670646,-0.09707383989240281,-0.08201822778825746,-0.06763296993754153,-0.5322767741468759,-0.33548361032479546,-0.15414130919677127
2502924.165413534,2140.672770525733,-0.09610936692074518,-0.08091408763814381,-0.06639594300636582,-0.5183796618482278,-0.3205334642739993,-0.1385698355251895
2503198.789473684,2141.4246662844016,-0.09514172252088401,-0.07979933115755605,-0.06513730606220022,-0.5043751891345623,-0.30549699926171114,-0.12298556507794017
2503473.4135338347,2142.1765620430715,-0.09417936395768518,-0.07867133848190774,-0.06388302707444538,-0.4902383060632634,-0.2903811016665373,-0.10733639829094674
2503748.037593985,2142.92845780174,-0.09321030772746038,-0.07753284942987634,-0.06261692063124814,-0.47605920621425046,-0.2751673701572301,-0.09174644917236408
2504022.661654135,2143.680353560409,-0.09221322205629828,-0.07638589132384097,-0.06134771863019209,-0.46185233116952223,-0.25996583820462843,-0.07607390460947931
2504297.285714286,2144.432249319079,-0.09119532617869734,-0.07522654460654238,-0.06006489099063143,-0.4474414934704529,-0.24478097958769818,-0.06034374614656825
2504571.909774436,2145.1841450777474,-0.09015629370850778,-0.07404291556096682,-0.05875837057527252,-0.4330355333712305,-0.22952048256737223,-0.04461612555775009
2504846.5338345864,2145.936040836416,-0.08910092383154754,-0.07285788413815783,-0.0574401048893509,-0.41855278566251625,-0.21422285189794166,-0.02892201527489318
2505121.157894737,2146.687936595086,-0.08804692727652758,-0.07165146311882152,-0.05610916240145398,-0.4039907907841492,-0.19888368175665638,-0.01325640505615153
2505395.7819548873,2147.4398323537544,-0.08697790774587842,-0.07042636168532472,-0.05475798020879375,-0.38938496527088484,-0.18341651157162617,0.002512015235629255
2505670.4060150376,2148.1917281124233,-0.08589996477374098,-0.06919856111387396,-0.05340788421782744,-0.3747897306671358,-0.1680821212214709,0.018312928287368913
2505945.030075188,2148.943623871092,-0.08480621428787491,-0.06795332356926928,-0.05204631043663011,-0.36003724644941404,-0.15263760522314357,0.034015648234392105
2506219.6541353385,2149.6955196297617,-0.08369639077168275,-0.06669928582274026,-0.050664873533952604,-0.34519219549653174,-0.13718555419023215,0.049717231839895834
2506494.2781954887,2150.4474153884303,-0.08257573786628171,-0.06543099770373156,-0.0492876623242774,-0.3303709800867444,-0.12171390637295534,0.06545792963998956
2506768.902255639,2151.199311147099,-0.08144047768900713,-0.06415331287610149,-0.047884381975944024,-0.3155060223118816,-0.10623029250417391,0.08116402248435471
2507043.5263157897,2151.9512069057687,-0.08028966920797101,-0.06285772778331944,-0.046478809660946745,-0.300769017011017,-0.090695195632348,0.096833618469855
2507318.15037594,2152.703102664437,-0.07913273913653927,-0.06154578539476075,-0.04506103922185332,-0.28567455842687706,-0.07520473551336176,0.11246534601616613
2507592.77443609,2153.454998423106,-0.07795447377851131,-0.06022774562472095,-0.043644181521979165,-0.27073214598285195,-0.05961915043269052,0.12805893588210546
2507867.3984962404,2154.2068941817747,-0.07676431239902462,-0.05889896748724225,-0.042206721914246674,-0.25574732457610483,-0.04395014797054457,0.14362413697144802
2508142.022556391,2154.9587899404446,-0.0755627680209358,-0.057551433867858645,-0.04076086687422873,-0.24059883472515897,-0.02827577990494993,0.15924363517069606
2508416.6466165413,2155.710685699113,-0.07435390812972324,-0.056207021264024465,-0.039297806768889235,-0.2254436611256651,-0.012662733308048471,0.17472269698712448
2508691.2706766916,2156.4625814577817,-0.07311771746457113,-0.05484706778101535,-0.037819227633109735,-0.21030233811008306,0.0029742148705306634,0.19028311592777297
2508965.8947368423,2157.2144772164515,-0.07188279543610948,-0.053472234983097375,-0.03634823684093085,-0.19512814109235435,0.018477434234957582,0.20572088320937426
2509240.5187969925,2157.9663729751205,-0.07064191420570554,-0.05208419210338288,-0.0348574751404338,-0.17992186314897865,0.03408920610818815,0.22113834129918244
2509515.1428571427,2158.718268733789,-0.06937509661448665,-0.05069404724081658,-0.03336254500512208,-0.16454293588459262,0.049662986249897775,0.2364719453974565
2509789.7669172934,2159.470164492459,-0.06810623442519054,-0.04928587942525477,-0.031856413610013325,-0.14919748522061183,0.06520712334169353,0.2516820322287597
2510064.3909774437,2160.2220602511275,-0.06683121485928596,-0.04788018862712384,-0.030348154548516287,-0.13375474535097776,0.08074663913329119,0.26692416886454257
2510339.015037594,2160.973956009796,-0.06553563106787298,-0.046461161739419096,-0.028832349611121327,-0.11840247768464611,0.09608662919331032,0.2821360711000135
2510613.6390977446,2161.725851768466,-0.06421989375744964,-0.04501930970493115,-0.02731336775184142,-0.10309576115286845,0.11158052837250287,0.29728021862500176
2510888.263157895,2162.477747527135,-0.06289713878581904,-0.04357134623746089,-0.025784271624801458,-0.08776374132420063,0.12712361898500832,0.31238818341144414
2511162.887218045,2163.2296432858034,-0.06159224192299769,-0.042127498102477484,-0.024242644123608045,-0.07240545778694289,0.14265169638971617,0.32734461188610015
2511437.5112781953,2163.981539044472,-0.0602551806383847,-0.040666812794042995,-0.02270012646614823,-0.05708551895752346,0.15808445001652155,0.34223698734751956
2511712.135338346,2164.733434803142,-0.05890262444520651,-0.03919943900796237,-0.02115698879116822,-0.04160707683993988,0.17345375446312533,0.35700807417581987
2511986.7593984962,2165.4853305618103,-0.05754587488179722,-0.03772625168471462,-0.019602321696147233,-0.026230453070477708,0.18881096102900827,0.3717981396925483
2512261.3834586465,2166.237226320479,-0.0561688349151061,-0.0362470036766732,-0.018039293770090285,-0.010839366603953429,0.2040862363894414,0.3863540737615116
2512536.007518797,2166.9891220791487,-0.054776689899942,-0.0347619767836463,-0.01648071476016034,0.00451497533003293,0.2193378802006599,0.4007459074034242
2512810.6315789474,2167.7410178378177,-0.05337474912127801,-0.033253017840888854,-0.014909613417682526,0.01988866169439542,0.23451019898872755,0.41510670111825965
2513085.2556390977,2168.4929135964862,-0.05198372900716726,-0.03173839852132451,-0.013334460203620545,0.035308473034260775,0.24967001152713192,0.4294033030646517
2513359.879699248,2169.2448093551548,-0.05057622804831838,-0.030222847199983978,-0.011759195489521378,0.050803249582569945,0.2647235462686077,0.4434675206678672
2513634.5037593986,2169.9967051138246,-0.04916931709100437,-0.028699490974803767,-0.010182040964846135,0.0662390346730631,0.27983729345306885,0.4574474340888466
2513909.127819549,2170.748600872493,-0.04775363416239863,-0.027173071862167966,-0.008604246130431144,0.08156431822698673,0.2947970555417079,0.4712674742914215
2514183.751879699,2171.5004966311617,-0.04631055066772919,-0.025644576804425515,-0.007018488114117,0.09694622444213513,0.30974668227230445,0.4850211421495519
2514458.3759398498,2172.2523923898316,-0.04485983365328287,-0.02410162997670702,-0.005426240969537874,0.11226576784892824,0.3245496555680968,0.4985296259686316
2514733.0,2173.0042881485006,-0.04339601682797804,-0.0225521063947977,-0.0038326430959392094,0.1275846771658727,0.3392962253033974,0.5118986045379672
