JD,year,x_lo,x_med,x_hi,y_lo,y_med,y_hi
2405563.26,1874.1074455482876,-0.09296668425210634,-0.07925920696533414,-0.062453195925325666,-0.9840514875741809,-0.9092740742745465,-0.8042269839400441
2405837.88406015,1874.8593413069561,-0.0940092003055191,-0.08070173960622112,-0.06439757405220355,-0.9850583380317577,-0.9141272346195064,-0.8143639236466037
2406112.5081203007,1875.611237065626,-0.09501606855795575,-0.08210982892884178,-0.06627444893704462,-0.9856615648108654,-0.9184497974782075,-0.8239328718113266
2406387.132180451,1876.3631328242948,-0.09599233530688545,-0.08346251512426148,-0.06810183726710684,-0.9859810189945493,-0.9221566291349749,-0.8324410249129364
2406661.756240601,1877.1150285829633,-0.09692689612097546,-0.08476209110627451,-0.06985952333126043,-0.9858436316251914,-0.925217009899818,-0.8402546783841972
2406936.380300752,1877.8669243416332,-0.09780795531408867,-0.08600437711086209,-0.07156720020914921,-0.9854183936037946,-0.9278075388854368,-0.8470826453617593
2407211.004360902,1878.618820100302,-0.09865022486130011,-0.08719034663110307,-0.07318633536305674,-0.9845077925979534,-0.9298381057317289,-0.8535874058670323
2407485.6284210524,1879.3707158589705,-0.09945834853039515,-0.0883317313528509,-0.0747515632893563,-0.9831704263094243,-0.9312344805137153,-0.8592032510345953
2407760.2524812026,1880.122611617639,-0.10021891419085115,-0.08943032611469788,-0.0762633271477917,-0.9813745198351413,-0.9323771468644344,-0.8639177903159403
2408034.8765413533,1880.8745073763089,-0.10095145499553577,-0.09047689985912953,-0.0777090447614816,-0.9791359131814087,-0.9328349716913381,-0.8679759574455573
2408309.5006015035,1881.6264031349776,-0.10162854153661778,-0.09147248700505442,-0.07910799228066125,-0.9766790897505481,-0.9328260635853025,-0.8715786253165186
2408584.124661654,1882.3782988936462,-0.10227571269921616,-0.09242179074519287,-0.08044306582807603,-0.9737030415753664,-0.9322849009662635,-0.874638070337888
2408858.7487218045,1883.130194652316,-0.10288585146893393,-0.093326318653632,-0.08172719590991684,-0.9703834865310782,-0.9313405117519562,-0.8768255980730255
2409133.3727819547,1883.8820904109848,-0.10346050695229617,-0.09417974851125488,-0.08295236463299897,-0.9668743616202624,-0.9297879471311299,-0.8784536290828583
2409407.996842105,1884.6339861696533,-0.10399849330024791,-0.09498869415550301,-0.08412945610008857,-0.9628719508074901,-0.9279618012164368,-0.8795348063519317
2409682.6209022556,1885.3858819283232,-0.10448661597449534,-0.0957493673647441,-0.08524556955902218,-0.9585997659593315,-0.925724750389848,-0.8801861519908143
2409957.244962406,1886.137777686992,-0.10494788711140463,-0.09647536158006034,-0.08630688987198736,-0.9541253006803895,-0.9230747546873419,-0.8802838829583699
2410231.869022556,1886.8896734456605,-0.10538137072924611,-0.09715641487597201,-0.08731502529335632,-0.9493245094209787,-0.9198631657991365,-0.8797304213134671
2410506.4930827064,1887.641569204329,-0.10577538758965405,-0.09779207968590359,-0.08827605748909362,-0.9440623795364154,-0.9163607958347958,-0.8785291785673534
2410781.117142857,1888.3934649629991,-0.10613541830211203,-0.09840233321109126,-0.0891738740252878,-0.9386031354541512,-0.9125526563419332,-0.87696934456934
2411055.7412030073,1889.1453607216677,-0.10645682997182837,-0.09895879210924893,-0.0900215715878337,-0.9327399553821557,-0.908286543190059,-0.8749273589136134
2411330.3652631575,1889.8972564803362,-0.10673737258469997,-0.0994672369694744,-0.09081338939268944,-0.9266175598725893,-0.9035702079151806,-0.8723071719916379
2411604.989323308,1890.649152239006,-0.10698763592100256,-0.09995327339114114,-0.09158574389940904,-0.9202086650477498,-0.8985944304993632,-0.8694120278024912
2411879.6133834585,1891.4010479976748,-0.10720508984254264,-0.1003874351227213,-0.09229976075173275,-0.9136152112706731,-0.8932265653999509,-0.8659135993725295
2412154.2374436087,1892.1529437563433,-0.10741378059156523,-0.10078463826896311,-0.09297870879878296,-0.9066347993891237,-0.8876127222846728,-0.8621363959797862
2412428.8615037594,1892.9048395150132,-0.10757610582967157,-0.10115805586554985,-0.0936109487197745,-0.8993870668486529,-0.8816385749907059,-0.8579157952460708
2412703.4855639096,1893.656735273682,-0.10769617135391911,-0.10149020718864481,-0.09418038263682295,-0.8919075225336107,-0.8752145278408533,-0.8532419875948594
2412978.10962406,1894.4086310323505,-0.1078001281051557,-0.10178164866158901,-0.09471585453379272,-0.8843528953906316,-0.8684877406183897,-0.8480410666308835
2413252.73368421,1895.1605267910193,-0.10787032063187788,-0.10203363307995947,-0.09520488500041548,-0.8764798584140941,-0.8614941853513853,-0.8423778567722153
2413527.357744361,1895.9124225496892,-0.10790128411616857,-0.10225237582513848,-0.09563527172256134,-0.8683722096786269,-0.854231275033831,-0.8363266910451648
2413801.981804511,1896.6643183083577,-0.10791681356150584,-0.10243469228869617,-0.09603992987930846,-0.860001302216454,-0.8466515948432679,-0.8300955929506625
2414076.6058646613,1897.4162140670264,-0.10791363050324038,-0.10257524250289782,-0.0964099940739772,-0.8515361328454164,-0.8388814680125005,-0.8232329054367
2414351.229924812,1898.1681098256963,-0.10786797550433158,-0.10269498826304156,-0.09672967833407109,-0.8428392273781862,-0.8307668660891686,-0.8161327612066867
2414625.853984962,1898.9200055843648,-0.10779636033836977,-0.1027840459707107,-0.09700150481209602,-0.8339305912087656,-0.822347603111731,-0.8086945746933192
2414900.4780451125,1899.6719013430334,-0.10769773525326874,-0.10284051624964237,-0.09723489346448284,-0.8248014778826246,-0.8137167988058215,-0.8009015813227519
2415175.102105263,1900.4237971017033,-0.10757211484199779,-0.10286022653838392,-0.09743619965615329,-0.8154401179376027,-0.80478364062751,-0.7927194553159772
2415449.7261654134,1901.175692860372,-0.10742034356048603,-0.10284520600136361,-0.09759873854639954,-0.8058868573313142,-0.7956723898788689,-0.7842500891566812
2415724.3502255636,1901.9275886190405,-0.10723208754402089,-0.10280418896026325,-0.09772294653163657,-0.7961943161778953,-0.7863870708111396,-0.7754091615337815
2415998.974285714,1902.6794843777093,-0.10702383624863461,-0.10272871876309311,-0.09782469156330248,-0.786252971989413,-0.77680061128875,-0.7663044099117003
2416273.5983458646,1903.4313801363792,-0.10678121915955012,-0.1026210312714472,-0.09788266239155255,-0.7762575773429875,-0.7668980685623168,-0.7568600738615935
2416548.222406015,1904.1832758950477,-0.10653120457588058,-0.1024886700157406,-0.09789868508049732,-0.7659174378150723,-0.756928231443807,-0.7471952684721078
2416822.846466165,1904.9351716537165,-0.1062405334479353,-0.10232342920955775,-0.09789870707162195,-0.7555163608054167,-0.7467065346946993,-0.7372696807783784
2417097.4705263157,1905.6870674123863,-0.10592655807418921,-0.10212887520609933,-0.09785858159003984,-0.7448977482729925,-0.7362926598592299,-0.7270828516947759
2417372.094586466,1906.4389631710549,-0.10559183355256677,-0.10190578707891386,-0.09778557633914953,-0.7341997536788225,-0.7255870116707362,-0.7166663837778809
2417646.718646616,1907.1908589297236,-0.10522109892142013,-0.10166266428375076,-0.09768787061342121,-0.7233058102759843,-0.7147298766014198,-0.705940831743971
2417921.342706767,1907.9427546883935,-0.10482627399866597,-0.10138935566985405,-0.0975358984766428,-0.712208931586411,-0.7036694186423034,-0.6949885673948606
2418195.966766917,1908.694650447062,-0.10440911979756078,-0.10108107216134564,-0.09735492491352914,-0.7009995361392843,-0.6924053546261495,-0.6838364610140104
2418470.5908270674,1909.4465462057306,-0.10397805248362132,-0.10075220271851594,-0.09714110405066378,-0.6896427375028414,-0.6809632395021763,-0.6724288685734883
2418745.2148872176,1910.1984419643993,-0.10350874443505523,-0.10039068160724242,-0.09691017405308253,-0.6780072463090255,-0.6693991804181914,-0.660938884724579
2419019.8389473683,1910.9503377230692,-0.10302052497635351,-0.10000228898824343,-0.09664683451511578,-0.6662385297752609,-0.657636264999427,-0.6491600133585818
2419294.4630075186,1911.7022334817377,-0.10251067322843263,-0.09959420177665083,-0.09635960659477269,-0.6543353759135919,-0.6457144944395303,-0.6372102774694721
2419569.087067669,1912.4541292404065,-0.10197376871654626,-0.09915874347550527,-0.09603326218907673,-0.6422245882163994,-0.6335978554579396,-0.6250561333737158
2419843.7111278195,1913.2060249990764,-0.10142472421596117,-0.0986956575202734,-0.09567220490700441,-0.6299613277167128,-0.6213003922712037,-0.6127087668855424
2420118.3351879697,1913.957920757745,-0.10085790939485204,-0.09821279222523771,-0.09527769611783551,-0.6175391050565358,-0.608844702901977,-0.6002410589105306
2420392.95924812,1914.7098165164136,-0.10025163788652404,-0.0976987743280544,-0.09486869114876759,-0.6049598778077124,-0.5962509776391951,-0.587605967788872
2420667.5833082707,1915.4617122750835,-0.09963903639039087,-0.09716821429486686,-0.09442366854897306,-0.5922714640986735,-0.5835137243558393,-0.5747774013167991
2420942.207368421,1916.213608033752,-0.09898599876040566,-0.09660224534420617,-0.09395638116142987,-0.5793945247751967,-0.5705591318258195,-0.5618685601410461
2421216.831428571,1916.9655037924208,-0.09832797753597532,-0.09601826209060155,-0.0934428898551735,-0.5663879697970226,-0.5575142929512313,-0.5488386141707994
2421491.4554887214,1917.7173995510893,-0.09765172234212008,-0.09541042200218844,-0.09290857278405362,-0.5532546358898702,-0.5443145477442979,-0.5356307580870603
2421766.079548872,1918.4692953097592,-0.0969475848782978,-0.09478121468319711,-0.0923547263838566,-0.539943922181778,-0.531021722212716,-0.5222626328241752
2422040.7036090223,1919.2211910684277,-0.09621607437835317,-0.09412939007813324,-0.09178338990192514,-0.5265455710565283,-0.5175661309644853,-0.5087902418379511
2422315.3276691725,1919.9730868270965,-0.09547256740480167,-0.09344705408703861,-0.0911886794539601,-0.5129615922979465,-0.5039633026041257,-0.49520702243675263
2422589.9517293232,1920.7249825857664,-0.09471034256915081,-0.09274247197401853,-0.0905688654266333,-0.4992918442281783,-0.4902366134762898,-0.48149075176956035
2422864.5757894735,1921.476878344435,-0.0939238613955494,-0.09201717030187687,-0.08990714579815867,-0.4854832526468089,-0.47640938963420476,-0.4676771385389256
2423139.1998496237,1922.2287741031037,-0.09312212009939075,-0.09127080234967985,-0.089225015337379,-0.47154225923871734,-0.46246455678994913,-0.45372679826007806
2423413.8239097744,1922.9806698617735,-0.09230328528255174,-0.09050218432537896,-0.0885254799302699,-0.45747795455757473,-0.44840997423713136,-0.43969634043026284
2423688.4479699247,1923.732565620442,-0.09146558436510986,-0.08971368423252905,-0.0878017668230849,-0.44331771401338377,-0.4342576613072947,-0.42555298252046114
2423963.072030075,1924.4844613791108,-0.09061016554398636,-0.08890505582465691,-0.08705380966417636,-0.4290301692952589,-0.4199772643846543,-0.41131222457281125
2424237.696090225,1925.2363571377794,-0.08972811770183432,-0.08807798023232313,-0.08628284522463706,-0.41462723727637196,-0.4056164260846022,-0.39700586738813537
2424512.320150376,1925.9882528964492,-0.08883381134209345,-0.08722579257711179,-0.08548595922626877,-0.4001443514211332,-0.3911711113623195,-0.3825650043570608
2424786.944210526,1926.740148655118,-0.08791522250471447,-0.08635652035310482,-0.08466027552295148,-0.3855516418935427,-0.3766281979954149,-0.368061252143391
2425061.5682706763,1927.4920444137865,-0.08698321609748409,-0.08546775738796214,-0.08381725006712523,-0.37086563528441097,-0.36198680039105324,-0.35346452750888696
2425336.192330827,1928.2439401724564,-0.0860350239735666,-0.08455995377588774,-0.08295849362175887,-0.3561018717697294,-0.3472858254122378,-0.3387622038518084
2425610.8163909772,1928.9958359311252,-0.08506697808085552,-0.08363437307882372,-0.08207024245579785,-0.3412719231441695,-0.33250568192138863,-0.3239886386670309
2425885.4404511275,1929.7477316897937,-0.08408165907016948,-0.08267835528113449,-0.08115674899075852,-0.3263548066551617,-0.3176229301131729,-0.30916319651736124
2426160.064511278,1930.4996274484636,-0.08308179893511293,-0.08170793561096257,-0.08022500113727046,-0.3113521916434305,-0.30270158081910814,-0.29423897962568546
2426434.6885714284,1931.251523207132,-0.08205787257721699,-0.08071980196839969,-0.07927558120279744,-0.2962938464983373,-0.28770330213089057,-0.2792504324034914
2426709.3126315787,1932.0034189658008,-0.08102093332271974,-0.07971267424714379,-0.07830374578795433,-0.2811688565467609,-0.27263419403623773,-0.26416831748514424
2426983.936691729,1932.7553147244694,-0.07996603947834054,-0.07868831847064216,-0.07731947106833217,-0.2659420145704119,-0.2574667018083632,-0.24908841455514516
2427258.5607518796,1933.5072104831393,-0.07889810138226533,-0.07764818541247569,-0.07631220217255114,-0.25066087645674556,-0.24227278293254706,-0.23391463684558586
2427533.18481203,1934.259106241808,-0.07781658601931264,-0.07658976053677502,-0.0752845167412308,-0.23532398832923304,-0.2269931224873794,-0.2186770215581551
2427807.80887218,1935.0110020004765,-0.07671288838358388,-0.07551215750642419,-0.07424585883562262,-0.2199448537772974,-0.21166485860863937,-0.2034545592178671
2428082.4329323308,1935.7628977591464,-0.07559581486553595,-0.0744197054340398,-0.07318054742698644,-0.20456373399929156,-0.19628442060597856,-0.1881119826932992
2428357.056992481,1936.5147935178152,-0.07446407893390478,-0.07330803416661955,-0.07209438036823372,-0.1890902323246741,-0.18088212389762087,-0.1727645667640954
2428631.6810526312,1937.2666892764837,-0.0733161821923082,-0.07217455959568517,-0.07099214738729967,-0.17357998421189505,-0.1654405482503788,-0.15733317133007507
2428906.305112782,1938.0185850351536,-0.07215234158526695,-0.0710268115855203,-0.06987045108296709,-0.15799973115660818,-0.14995855971804678,-0.14190806735798986
2429180.929172932,1938.7704807938223,-0.0709747322311736,-0.06986814486135653,-0.06872735993339815,-0.14238735079831474,-0.13444233743329279,-0.12642161780547742
2429455.5532330824,1939.5223765524909,-0.06978026929992087,-0.068689713513661,-0.06757518292550403,-0.12680509401527568,-0.11886495202464933,-0.11088121189418443
2429730.1772932326,1940.2742723111594,-0.06857194523956306,-0.06749763243497606,-0.06639979357655221,-0.11120861384382638,-0.103296067423397,-0.09535037425807835
2430004.8013533833,1941.0261680698293,-0.06734666977512413,-0.06629222108641866,-0.06520775857935152,-0.09550671477269387,-0.08769130018831556,-0.07980499766994861
2430279.4254135336,1941.778063828498,-0.06610715304705941,-0.06507295067773405,-0.06400234404028347,-0.07983048598697541,-0.07203865788252121,-0.06423710583672579
2430554.049473684,1942.5299595871666,-0.06485775413751832,-0.0638354077356546,-0.06277873159464216,-0.06412333257479134,-0.05637873127312879,-0.048643843411820896
2430828.6735338345,1943.2818553458364,-0.06359091742575494,-0.06258025138178577,-0.06154251059465007,-0.04836380798428864,-0.04072961985267573,-0.033046613439462184
2431103.2975939848,1944.0337511045052,-0.06231209493327693,-0.0613132825656747,-0.06029129861572929,-0.03266600308492552,-0.02507130531023389,-0.017411885764863355
2431377.921654135,1944.7856468631737,-0.061015350551345236,-0.06002599022499695,-0.05902329573712172,-0.01696507100309763,-0.009381308886829549,-0.0017508433778500594
2431652.5457142857,1945.5375426218436,-0.059711963662374405,-0.05872697722660037,-0.05773711728769985,-0.0012809747544678465,0.006300741906809402,0.013907680941172956
2431927.169774436,1946.2894383805124,-0.05838969526232425,-0.057419502150633905,-0.056438881330035114,0.014409010702948186,0.02197954032668429,0.029548562613325762
2432201.793834586,1947.041334139181,-0.05705472569201918,-0.05609649113828384,-0.05512383394300843,0.030097501437888627,0.03765784637579245,0.04519175973760034
2432476.4178947364,1947.7932298978496,-0.05571238648107553,-0.054759638002564504,-0.05379472879764479,0.04577355607428554,0.053260062342521064,0.0608122320862559
2432751.041954887,1948.5451256565195,-0.05435583889467945,-0.053408821966928144,-0.05245293658301476,0.06144590561878831,0.06892991826018366,0.07641278970742253
2433025.6660150373,1949.297021415188,-0.05298201927703536,-0.05204630095432808,-0.05109946754411475,0.07706131314682575,0.08454736426531435,0.09201783272954489
2433300.2900751876,1950.0489171738566,-0.05159840661482047,-0.050670645695944906,-0.04973459467501831,0.09268385885185308,0.10014193581567189,0.10759939773204014
2433574.9141353383,1950.8008129325267,-0.05020881168237209,-0.04928318854419913,-0.04835565119066579,0.10825918801322754,0.11573565435533936,0.1231684205380596
2433849.5381954885,1951.5527086911952,-0.04880867654999894,-0.047885466970797354,-0.046964179302598025,0.12384500972539318,0.13130797138089384,0.13870530271574952
2434124.1622556387,1952.3046044498637,-0.04738976539840076,-0.046472113022629574,-0.04555961554204512,0.13936861870098488,0.14679534489921955,0.15419939423568071
2434398.7863157894,1953.0565002085336,-0.04595785889547315,-0.04504760484629574,-0.044144054588217435,0.15484600630444492,0.16227818828531265,0.16966891207856177
2434673.4103759397,1953.8083959672024,-0.044519885981036206,-0.04361064335908427,-0.04271039152344472,0.17031900708021125,0.1776934278363399,0.18510960997353856
2434948.03443609,1954.560291725871,-0.04306942822446545,-0.04216186429333806,-0.04126878802568234,0.1857089004948423,0.19308781010101725,0.2005264811284809
2435222.65849624,1955.3121874845397,-0.04160696621542635,-0.040707225458838966,-0.03981498903247614,0.2010653983054017,0.20843479114466312,0.21587191836098907
2435497.282556391,1956.0640832432096,-0.040137196445881,-0.039240144044645806,-0.03835199977668563,0.21638551631858957,0.22374127738130295,0.231199077425579
2435771.906616541,1956.815979001878,-0.03865580582723347,-0.03776221638359768,-0.03687501719643599,0.2316544135659147,0.23898005163661062,0.24646445288928848
2436046.5306766913,1957.5678747605468,-0.037167087845643425,-0.03627407018078439,-0.035392631775139405,0.24681685646119864,0.25416467129404585,0.26163618511718906
2436321.154736842,1958.3197705192167,-0.03566842451714507,-0.03477851467259064,-0.0338979569643899,0.2619611980555521,0.2692627623914312,0.2767553804567403
2436595.7787969923,1959.0716662778852,-0.03415907153710829,-0.03327138098508711,-0.032396559868274145,0.27697521913758844,0.28428497945426556,0.29180549330943384
2436870.4028571425,1959.823562036554,-0.03264080137926965,-0.03175817639350316,-0.030887104329330606,0.2919566454076018,0.29928451303800296,0.3067609029983729
2437145.026917293,1960.5754577952239,-0.031111262865878644,-0.030236187236423354,-0.02936677098235886,0.3068266009990309,0.3141674463276904,0.3216390902000334
2437419.6509774434,1961.3273535538924,-0.029574731899449855,-0.028704651651426032,-0.027837211294571583,0.32163735812150634,0.32898633239446273,0.33641808331097056
2437694.2750375937,1962.079249312561,-0.028032669113884343,-0.027162987324470308,-0.026302664446936765,0.3363394867925975,0.34367810811143884,0.35113514119428424
2437968.899097744,1962.8311450712297,-0.02648151030192905,-0.025614356845863617,-0.02475559510742933,0.3509099943232979,0.35825142561730916,0.3657666322974978
2438243.5231578946,1963.5830408298996,-0.02492559701879633,-0.024059130842052554,-0.023208852100368053,0.3654166867303044,0.3727359019063956,0.38025904423859447
2438518.147218045,1964.334936588568,-0.02336153067520144,-0.022497736624844614,-0.021646320223905214,0.3797751872400332,0.38711448440471297,0.39465551085596523
2438792.771278195,1965.0868323472369,-0.02179191851835528,-0.02093008147690498,-0.020081855634587274,0.39403708023494854,0.40141476169278456,0.40892856839158065
2439067.395338346,1965.8387281059067,-0.020215825340272154,-0.019354877923387623,-0.018510891394829834,0.40823175856866417,0.41555521877955304,0.42303153250879827
2439342.019398496,1966.5906238645753,-0.018633085312491356,-0.01777600070452231,-0.01693435153161858,0.4222830435454088,0.42958193536923295,0.4370734853279768
2439616.6434586463,1967.342519623244,-0.017043623006787984,-0.016188836309560327,-0.015350090228294082,0.43622058301252026,0.4434709258255122,0.4509970317063597
2439891.267518797,1968.094415381914,-0.015453447679943449,-0.014600958699362052,-0.01376237960387658,0.45002601889161614,0.45722048359332756,0.4647330594138258
2440165.891578947,1968.8463111405824,-0.013853088020222901,-0.013006257892544639,-0.012169685722342694,0.46370024123263015,0.47085147868767574,0.4783424492246538
2440440.5156390974,1969.5982068992512,-0.012249029940030246,-0.011408118967194764,-0.010575560138545857,0.4771894871886669,0.4843318442350317,0.49179867549770095
2440715.1396992477,1970.3501026579197,-0.010643720199481448,-0.009804366032031404,-0.008975805732842942,0.49050519630106104,0.49764606234045694,0.5051169386704375
2440989.7637593984,1971.1019984165896,-0.009032076770511387,-0.008197247752758489,-0.007371189093959763,0.5037119200222062,0.5107735662955566,0.518242184909161
2441264.3878195486,1971.8538941752581,-0.007417693342094662,-0.006590571338072459,-0.005763742562412295,0.5167883828883262,0.5237751979876399,0.5311887885086257
2441539.011879699,1972.6057899339269,-0.005803799546367189,-0.004977291849873049,-0.004161989891624106,0.5296482263932238,0.5365738563782112,0.5439448188854243
2441813.6359398495,1973.3576856925968,-0.0041874106956308445,-0.0033645685336943475,-0.0025541444008397394,0.5423390601994805,0.5492168799787749,0.5565333287167253
2442088.26,1974.1095814512653,-0.0025706077564348877,-0.001748494550281015,-0.0009442783150558826,0.5548433064065592,0.5616385308885845,0.5689230156030802
2442362.88406015,1974.861477209934,-0.0009513012590922349,-0.0001336610285329748,0.0006638905674499792,0.5671231181060592,0.5738758948760332,0.581084672105538
2442637.5081203007,1975.613372968604,0.0006674882728441133,0.001483488107016994,0.0022719658475062326,0.5792334748680666,0.5859229387357012,0.5930365080376686
2442912.132180451,1976.3652687272725,0.002288914999104442,0.0030993742156146357,0.0038824525431941474,0.59109326103342,0.5977434145214067,0.604760607875934
2443186.756240601,1977.1171644859412,0.003907736828273307,0.004713263553660169,0.005489621623886375,0.6027282021179163,0.6093355620615075,0.6162617713988825
2443461.380300752,1977.869060244611,0.005523012684740649,0.006323291722510602,0.007093436100336418,0.6141540457052244,0.6206707423415876,0.6275398430484753
2443736.004360902,1978.6209560032796,0.0071358488783646225,0.007931101318613243,0.00869604332927548,0.6253674184101101,0.6317691954636466,0.6385784594276974
2444010.6284210524,1979.3728517619484,0.00874784603457708,0.009537678679231547,0.0102969574139534,0.6362727712554516,0.6426409062513212,0.6493374480129074
2444285.2524812026,1980.124747520617,0.010354745928876877,0.011139252189207197,0.011895602205985033,0.6469590801263523,0.6532246867641881,0.6598238934235854
2444559.8765413533,1980.8766432792868,0.01195694945890157,0.012737941577560558,0.013487732105846662,0.6573832056275332,0.6635575659208095,0.6700531148962457
2444834.5006015035,1981.6285390379553,0.01355432956204989,0.014328429100215017,0.015069852461055883,0.667488765212015,0.6736075519588797,0.6799769491793433
2445109.124661654,1982.380434796624,0.015145034837505275,0.015913020671150368,0.016645798111506748,0.6773372847411305,0.6833519368174721,0.6895828781629549
2445383.7487218045,1983.132330555294,0.01672949567064338,0.017493824692505825,0.018219238010106355,0.6868879452787946,0.6928027590619965,0.6988901466372167
2445658.3727819547,1983.8842263139625,0.01830925451211462,0.019063945652452032,0.01978259012934527,0.6961252956759039,0.701913165790045,0.7078626824507587
2445932.996842105,1984.6361220726312,0.019879023994249578,0.02062513428825797,0.0213351604040991,0.7050555610817858,0.710700717107603,0.7165087919837742
2446207.6209022556,1985.388017831301,0.021436623010225073,0.022176636888731414,0.02287702264041007,0.7136248523296833,0.7191511091691696,0.7248144018252729
2446482.244962406,1986.1399135899696,0.022987806544837067,0.023714015741000325,0.0244097218576295,0.7218837677366435,0.7272408324858128,0.7327510752473895
2446756.869022556,1986.8918093486384,0.02452424865789431,0.025243694211320437,0.025929465674111613,0.7297728726592092,0.7349536192021932,0.7403225156583374
2447031.4930827064,1987.643705107307,0.026047907392324664,0.026757770641783453,0.02743774071661449,0.7372373270282693,0.7422835806199684,0.747514742308818
2447306.117142857,1988.3956008659768,0.027559751189309624,0.028259633049121408,0.028928787131792758,0.7443312377316369,0.7492218508868049,0.7543133354975838
2447580.7412030073,1989.1474966246456,0.029054108439776065,0.02974404336962863,0.030403275488050274,0.7510178430035356,0.7557434372913794,0.7606815776759546
2447855.3652631575,1989.899392383314,0.03053541996981656,0.03121077521546229,0.03186078179199368,0.7572634477055677,0.7618488664553604,0.7666098242624604
2448129.989323308,1990.651288141984,0.03199857941837343,0.03266004278903968,0.033302281481451305,0.7630837288727605,0.7674904517021679,0.7720995225151507
2448404.6133834585,1991.4031839006525,0.03343962522560641,0.03408779702448131,0.03472672037569921,0.7684091042273057,0.7726767426110739,0.777132652430182
2448679.2374436087,1992.1550796593212,0.03486114226939417,0.03549681222333701,0.03612567332855473,0.7732830090056544,0.7774055441968815,0.7816566003826587
2448953.8615037594,1992.9069754179911,0.036260048280724835,0.036882446471975056,0.037503240973895374,0.7776637668357315,0.7816196605915934,0.7856906718698954
2449228.4855639096,1993.6588711766597,0.03763263619445431,0.03824685869616223,0.038855267961213434,0.7815294842100723,0.7853190042314808,0.7892167465278004
2449503.10962406,1994.4107669353284,0.038979305535905985,0.03958160630547527,0.04017919224189055,0.7848465192758736,0.7884988762201475,0.7921936525921083
2449777.73368421,1995.162662693997,0.040298896144623515,0.04088866514608126,0.041475285219345334,0.7876131423999797,0.791104203151963,0.7946068325406278
2450052.357744361,1995.9145584526668,0.04158987910098629,0.04216827828250958,0.042742606258071345,0.7897875138467261,0.7931212537532601,0.7964470666002389
2450326.981804511,1996.6664542113356,0.042848113622734454,0.043413340420649135,0.043980830665832596,0.7913695814005519,0.7945402153554886,0.7977042252503164
2450601.6058646613,1997.418349970004,0.044070255562826365,0.04462623854987413,0.0451816432320586,0.7923645019563833,0.7953462970346165,0.7983360918567914
2450876.229924812,1998.170245728674,0.045257516415458963,0.0458019182407015,0.0463412916601925,0.7926895719325161,0.795501501911372,0.7983310206136637
2451150.853984962,1998.9221414873427,0.046406225128805274,0.04694134123846701,0.04746681527841174,0.7923634262497729,0.7949819147972815,0.7976396729464456
2451425.4780451125,1999.6740372460113,0.04751375880451065,0.04803805903427097,0.04855074773662961,0.7913245508265372,0.7937716330344244,0.7962435766654308
2451700.102105263,2000.4259330046812,0.04857487552198796,0.049091925458805225,0.0495886619367808,0.7895583022879938,0.7918325193362463,0.7941427831009542
2451974.7261654134,2001.1778287633497,0.04959368410066426,0.05009981948187299,0.05058349798938137,0.7870396689737372,0.7891589870259039,0.7912842884875508
2452249.3502255636,2001.9297245220184,0.05056354611343185,0.05105626958897087,0.05152717041850444,0.7837323565710228,0.785685458279625,0.7876515435137237
2452523.974285714,2002.681620280687,0.051480716352921396,0.05196023746354479,0.052419878962162936,0.7796203920626243,0.7814224767374405,0.7832288225642623
2452798.5983458646,2003.4335160393568,0.05234287772990781,0.052810553020732356,0.05325646532077877,0.7746635139900504,0.776308236478553,0.7779716588334369
2453073.222406015,2004.1854117980256,0.05314807290102717,0.05359938308251452,0.05403285970325994,0.7688347775458687,0.770331453581022,0.7718674207869655
2453347.846466165,2004.9373075566941,0.05388895430943292,0.0543242141231675,0.05474633292384362,0.7620886242350923,0.7634632889723411,0.7648678589938978
2453622.4705263157,2005.689203315364,0.0545641090309771,0.054987544114478495,0.055394936490293485,0.7544098135523745,0.7556653745918275,0.7569441821945714
2453897.094586466,2006.4410990740328,0.05517124716371751,0.05557966426431567,0.05597362606090167,0.7457664731130254,0.7469103602192175,0.7480768381548754
2454171.718646616,2007.1929948327013,0.05570260587375832,0.056097202506337436,0.05647728689768808,0.7361355618643581,0.7371691944931109,0.7382276803426313
2454446.342706767,2007.9448905913712,0.056156173841350826,0.05653615767009937,0.05690796478609351,0.7254667862162594,0.7264049288857457,0.727375157695835
2454720.966766917,2008.69678635004,0.056527368146468526,0.05689303106810122,0.05725346188191074,0.7137295755124506,0.714591748089927,0.7154659046933579
2454995.5908270674,2009.4486821087085,0.05681424030405912,0.05716388391956241,0.05751332029023988,0.7009006992545487,0.701674764165623,0.7024927764238394
2455270.2148872176,2010.200577867377,0.057010022966907305,0.05734355224187848,0.05767889121206781,0.6869596265784677,0.6876661824762311,0.6884118813263767
2455544.8389473683,2010.952473626047,0.05710953022377129,0.0574305748035749,0.057751024682011765,0.6718606277693907,0.6725042150275592,0.6731865944040553
2455819.4630075186,2011.7043693847156,0.057109550903239464,0.057417270575773796,0.05772293229785231,0.6555709492673186,0.6561788629549272,0.6568051565274537
2456094.087067669,2012.4562651433841,0.0570060921867518,0.05729936428251858,0.05758812110681845,0.6380854049360875,0.6386542418237517,0.6392364877428826
2456368.7111278195,2013.208160902054,0.056791120931740796,0.057070046475322087,0.05734431198859675,0.6193703130528246,0.6199072027032124,0.6204557260801052
2456643.3351879697,2013.9600566607228,0.05646418015454697,0.05672820902029545,0.056986719073164965,0.5994152542689085,0.5999264629785493,0.6004500204602938
2456917.95924812,2014.7119524193913,0.056019475927601564,0.056265954613880356,0.05651037990159209,0.5782045675048018,0.5786857050675915,0.579187203486128
2457192.5833082707,2015.4638481780612,0.05545389143848262,0.055683160983852495,0.05591291843544541,0.5557255067827749,0.5561901197415657,0.5566632132177698
2457467.207368421,2016.21574393673,0.054759397134304506,0.05497267745157018,0.055184627030368576,0.5319748792817254,0.5324241354308068,0.532869317004016
2457741.831428571,2016.9676396953985,0.05393424934900708,0.054132996833546616,0.05432750767944685,0.5069673780772175,0.5073935226679921,0.5078190865727468
2458016.4554887214,2017.7195354540672,0.05297620081148869,0.05315796951195976,0.05333759937897129,0.48070464170794025,0.4811097891269729,0.4815149270616353
2458291.079548872,2018.4714312127371,0.05187983755573841,0.05204651269504541,0.05220873990824362,0.4532043678593433,0.45358095691669026,0.45396290224477576
2458565.7036090223,2019.2233269714056,0.0506450530969596,0.05079560185808479,0.05094258769612799,0.424498185100108,0.42484335633551307,0.42519557795568536
2458840.3276691725,2019.9752227300744,0.049267045365154694,0.04940524838804786,0.04953852746848211,0.39462658943469664,0.39492916152286006,0.39524222522776364
2459114.9517293232,2020.7271184887443,0.04774606074806734,0.04787176377954279,0.04799260956607964,0.36363419546783615,0.36388578016614137,0.3641458234018622
2459389.5757894735,2021.4790142474128,0.0460795772323981,0.046196341579147565,0.04630899715646269,0.33158369000000665,0.33176887186633996,0.3319621245937726
2459664.1998496237,2022.2309100060813,0.04426888973967115,0.04438348774372851,0.044491605318848736,0.2985409462657225,0.2986499965228654,0.29876157357023087
2459938.8239097744,2022.9828057647514,0.04231562507938905,0.04243014312818244,0.04254175400857544,0.26453678186155904,0.2646037201059433,0.2646681057750413
2460213.4479699247,2023.73470152342,0.04022045879397453,0.04034251167290409,0.04046648110942361,0.22955687169023534,0.2297180242051408,0.2298758239204327
2460488.072030075,2024.4865972820885,0.037987252053124934,0.038127981267393696,0.03826660563681593,0.19378855193569605,0.19409147925568593,0.1943912141498869
2460762.696090225,2025.2384930407572,0.03562311228056696,0.03578704945134676,0.035947860769326705,0.15736081150360642,0.1578329150943485,0.15830212751895129
2461037.320150376,2025.9903887994271,0.033138945963651974,0.033329015165200496,0.033515137206687334,0.12040010630656849,0.12105506005957786,0.12171193204152397
2461311.944210526,2026.7422845580957,0.030532783441228246,0.030761048869042757,0.030981610577148606,0.08301493453212251,0.08387793136877514,0.0847362309211594
2461586.5682706763,2027.4941803167644,0.027822481961780075,0.028091661831778494,0.02834810944636137,0.04534778599958936,0.04641787738869733,0.04748501820645605
2461861.192330827,2028.2460760754343,0.025015793947173497,0.02532916763622798,0.02562627275543503,0.007521471493682757,0.008806282372222439,0.010085848282773372
2462135.8163909772,2028.9979718341028,0.02211942047645729,0.022482771070867127,0.022827441036928298,-0.03032569328538285,-0.02883241207893668,-0.02734462154336702
2462410.4404511275,2029.7498675927716,0.01914870187789505,0.01956443954199038,0.019956913160174807,-0.06807552216051822,-0.06637573863915505,-0.06468731959182077
2462685.064511278,2030.5017633514415,0.016113138879989317,0.016583176536474828,0.017027423064791682,-0.10560159813352339,-0.1037083423767344,-0.10183534375724489
2462959.6885714284,2031.25365911011,0.01302197946059742,0.013549601565754252,0.01404722329239354,-0.14277296958934133,-0.14071929697287777,-0.13867935863961128
2463234.3126315787,2032.0055548687787,0.009889142373306837,0.010473842652746241,0.011027546067160854,-0.17947801345377865,-0.17730277709974535,-0.1751272670221824
2463508.936691729,2032.7574506274473,0.006719910889831947,0.007369534636762525,0.00797918856305544,-0.21561830335435786,-0.21334988500990654,-0.21108773366273972
2463783.5607518796,2033.5093463861172,0.003534478106826956,0.004239529751025496,0.004906360899684975,-0.25111281059287766,-0.24878192000721439,-0.24646041569222266
2464058.18481203,2034.2612421447857,0.0003331646338918298,0.0011015732840488832,0.0018232482725836366,-0.2858498922919673,-0.2835172587521307,-0.2811804358680637
2464332.80887218,2035.0131379034544,-0.0028648172430335832,-0.002038435761777301,-0.0012657359400589999,-0.3197825912261577,-0.3174945010112995,-0.3151559748781699
2464607.4329323308,2035.7650336621243,-0.006054942541284424,-0.005173088928648862,-0.0043543404113612905,-0.35283868236773375,-0.3506012472879505,-0.3483629435560526
2464882.056992481,2036.5169294207928,-0.009227091282626667,-0.008294476506612336,-0.007430182385211336,-0.38495971629438486,-0.3828203394030133,-0.38070410775177144
2465156.6810526312,2037.2688251794616,-0.012378896639186218,-0.011399072168484736,-0.010486871795817292,-0.41617813638503487,-0.41411380553728905,-0.41212706257709353
2465431.305112782,2038.0207209381315,-0.01549820035726473,-0.014478067599170417,-0.013522721915471056,-0.44643842327321576,-0.4444438046304242,-0.4425484802888917
2465705.929172932,2038.7726166968,-0.018585331534405128,-0.017521909644316495,-0.016531313664564003,-0.47582077675422574,-0.47380118285516737,-0.4718707400484874
2465980.5532330824,2039.5245124554688,-0.021625857921219176,-0.020528664605946684,-0.019506375526260403,-0.504288360407252,-0.5021831827600901,-0.5000517114422307
2466255.1772932326,2040.2764082141373,-0.024621665222442756,-0.02349545747733273,-0.022445145223688515,-0.5319570523802316,-0.5295604295522471,-0.5270623514038552
2466529.8013533833,2041.0283039728072,-0.027566740579649838,-0.026417017028399072,-0.02534345339353425,-0.5587073629438137,-0.5559199136432929,-0.5528702608715014
2466804.4254135336,2041.780199731476,-0.030459565746373065,-0.029288629686259962,-0.028193837728595166,-0.584529307239842,-0.5812555507916846,-0.5775350786718367
2467079.049473684,2042.5320954901445,-0.033293426375459054,-0.032109837861352526,-0.03099582111133221,-0.6094618214816513,-0.6055405295118486,-0.6010073135248095
2467353.6735338345,2043.2839912488143,-0.0360662708791899,-0.03487782204011864,-0.0337540931505707,-0.6334562963879424,-0.628820047630634,-0.623329722242243
2467628.2975939848,2044.0358870074829,-0.03878092919573889,-0.03758618726594363,-0.03645675665113873,-0.6565566897836262,-0.6510717827267305,-0.6445511230789189
2467902.921654135,2044.7877827661516,-0.04142998407137773,-0.040235988014241504,-0.03910616509982382,-0.6787250531710186,-0.6722928538621998,-0.6647366269623012
2468177.5457142857,2045.5396785248215,-0.04401163953434369,-0.042827332954098206,-0.041699483624633854,-0.6999627011791958,-0.692580412113237,-0.6838298317904952
2468452.169774436,2046.29157428349,-0.046528126863961544,-0.0453611330158767,-0.044243015360533176,-0.7203510213705139,-0.7118937187551608,-0.7018969041583444
2468726.793834586,2047.0434700421588,-0.048978658599286545,-0.047828995365226105,-0.046721631114036793,-0.7397984088203079,-0.7302165507101054,-0.7189458465471533
2469001.4178947364,2047.7953658008273,-0.051364264069194775,-0.05023688895018605,-0.04914536224984947,-0.7583502590781552,-0.747593771174851,-0.7348731033815006
2469276.041954887,2048.547261559497,-0.0536767990000071,-0.05258515639499815,-0.05151211204901176,-0.7760270629270639,-0.7640733332031797,-0.7499129638236106
2469550.6660150373,2049.2991573181657,-0.055933846552890756,-0.05486668750608547,-0.05381928242241793,-0.7928506754465549,-0.779610476840326,-0.7640108772604439
2469825.2900751876,2050.0510530768347,-0.05812076566811386,-0.05708819278998336,-0.05607126773355274,-0.8087753279060385,-0.7942580392904964,-0.7771015595076641
2470099.9141353383,2050.8029488355046,-0.06023551331060991,-0.05924195176084085,-0.0582607255999556,-0.8238949706197813,-0.808037881642931,-0.7892962732825118
2470374.5381954885,2051.554844594173,-0.06228951801123582,-0.06133568389336087,-0.06038741265746227,-0.8382957525721718,-0.821008132508459,-0.8006313429698625
2470649.1622556387,2052.3067403528416,-0.06428995565045782,-0.06336966852950987,-0.06245410307393842,-0.8518372404801849,-0.8331022046252459,-0.8111378007214621
2470923.7863157894,2053.0586361115115,-0.06622270921771005,-0.06533845733395718,-0.06445530996042136,-0.8646098806517837,-0.8444138849360702,-0.8207471050476822
2471198.4103759397,2053.81053187018,-0.06809859529683547,-0.0672482927480334,-0.06639696837990654,-0.8766673442044125,-0.8549739743280582,-0.8296247173246449
2471473.03443609,2054.5624276288486,-0.06991136706298495,-0.06909502739438153,-0.06828244218325027,-0.8880550973454161,-0.8647915231340859,-0.8377441639885401
2471747.65849624,2055.3143233875176,-0.07167850737444834,-0.07088704554623754,-0.07009912160238872,-0.8986816123441355,-0.8738051053876326,-0.845027371773069
2472022.282556391,2056.0662191461874,-0.07339324920586345,-0.07261966999384956,-0.0718481925869579,-0.9085854161354443,-0.8821245629798538,-0.8515838614881793
2472296.906616541,2056.818114904856,-0.07505820391791342,-0.07429049062191084,-0.0735335120112929,-0.9178376337578843,-0.8897611560403477,-0.8573545345543744
2472571.5306766913,2057.5700106635245,-0.07667329030457125,-0.07590400892446848,-0.0751520094672631,-0.9264510610493787,-0.896718597016428,-0.8624766790364164
2472846.154736842,2058.3219064221944,-0.07824610806520711,-0.07746588130073778,-0.07670488092122836,-0.9344244765618395,-0.9029788993325103,-0.8669708320061799
2473120.7787969923,2059.073802180863,-0.07977608525623868,-0.07897494688092832,-0.0781816146777067,-0.9417360473409457,-0.9085987539669673,-0.8706990807285241
2473395.4028571425,2059.825697939532,-0.08125872252357187,-0.08043481299951012,-0.07960907612980984,-0.9484409087360269,-0.9136162627100664,-0.8737931204176035
2473670.026917293,2060.577593698202,-0.08270336870365544,-0.08184047948448372,-0.08095546501750105,-0.9545890673969896,-0.9180229223399177,-0.8763353748134945
2473944.6509774434,2061.3294894568703,-0.08409823628499584,-0.08318593571855877,-0.08225465027007796,-0.9601350894936507,-0.9218850101294194,-0.8782513735202601
2474219.2750375937,2062.081385215539,-0.08545108766069782,-0.08449461077453378,-0.08348795625726317,-0.9651678140859258,-0.925131929772316,-0.8796161968023414
2474493.8990977444,2062.8332809742087,-0.08676048424349239,-0.08574833186078541,-0.08465877541822844,-0.969548799854478,-0.9277444561664379,-0.8803711944654037
2474768.5231578946,2063.5851767328772,-0.08802705152390869,-0.08695265544204202,-0.08576655266398804,-0.9734096841146157,-0.9298088980812368,-0.8806029399909906
2475043.147218045,2064.3370724915458,-0.08925046958938357,-0.08810534140229978,-0.08681649445233305,-0.9766825425515537,-0.9313725077011994,-0.8802693327107125
2475317.771278195,2065.0889682502147,-0.09043391060722654,-0.08920977525658029,-0.08781838110308811,-0.9794163680893336,-0.9324158807739945,-0.8793973018980089
2475592.395338346,2065.8408640088846,-0.09157860375751736,-0.09026285725145014,-0.08875652942192298,-0.9816823447305211,-0.9329693376876322,-0.8780098138524174
2475867.019398496,2066.592759767553,-0.09266966472677607,-0.0912733949848969,-0.08963960270873225,-0.9835033070820055,-0.9330133257539415,-0.8762023930858693
2476141.6434586463,2067.3446555262217,-0.09372545211429162,-0.0922322673510032,-0.09047667525835788,-0.9848588767342201,-0.9325950221639512,-0.8738864501896731
2476416.267518797,2068.0965512848916,-0.09474265335862632,-0.09315305493371698,-0.09126531934210802,-0.9857885943893002,-0.9317203472237534,-0.8710930792743711
2476690.891578947,2068.84844704356,-0.09571153547302833,-0.09401452085475775,-0.09200268207506725,-0.986273537382175,-0.9303941256273756,-0.8678716371463102
2476965.5156390974,2069.600342802229,-0.09663795128079909,-0.09483776915489846,-0.0926802603436756,-0.9862796723586799,-0.9286290727105568,-0.8641778872577168
2477240.1396992477,2070.3522385608976,-0.09752521171490626,-0.09560924410335918,-0.0933313990052736,-0.985810272146254,-0.9263905394193591,-0.8601014720780197
2477514.7637593984,2071.1041343195675,-0.09836412212998649,-0.09633935115636882,-0.09391932947029208,-0.9849705159678301,-0.9237426586874011,-0.8556373815707623
2477789.3878195486,2071.856030078236,-0.09917938552990693,-0.09703006493507207,-0.09447605074929413,-0.9837071160564962,-0.920692104989888,-0.8507019566103019
2478064.011879699,2072.6079258369045,-0.09995204813031747,-0.09767682392829469,-0.09497756387514056,-0.9820244659653455,-0.9172597641712832,-0.8453667329092123
2478338.6359398495,2073.3598215955744,-0.10068182879571176,-0.09828563793350843,-0.09544456114901326,-0.9799698605515295,-0.9134154704025448,-0.8396551645619248
2478613.26,2074.1117173542434,-0.10137674907733436,-0.09885125936187787,-0.0958678425123128,-0.9775701475559847,-0.9092302094696187,-0.8336779996388318
2478887.88406015,2074.863613112912,-0.10203886548331731,-0.09937510768990762,-0.09624095606866395,-0.9748015049733417,-0.904692731063813,-0.8272155560804373
2479162.5081203007,2075.615508871582,-0.10266044104553518,-0.09986780312061336,-0.09658486147282011,-0.971595622738863,-0.8997945883653085,-0.8203687772007131
2479437.132180451,2076.3674046302503,-0.1032430120255653,-0.10031797865999684,-0.09688362147353617,-0.9680169753287037,-0.8945210719741417,-0.8133246613634085
2479711.756240601,2077.119300388919,-0.10380279844186802,-0.10072552110839658,-0.09714281225713733,-0.9641700195011388,-0.8889042746328942,-0.8059790381319392
2479986.380300752,2077.8711961475888,-0.1043094159114446,-0.1010956131829241,-0.09735597038791631,-0.9600015718316587,-0.882936628947401,-0.7982422766563001
2480261.004360902,2078.6230919062573,-0.10479734393532629,-0.10143332271423779,-0.09753566088635063,-0.9555026371325613,-0.8766533149502365,-0.7900601779281504
2480535.6284210524,2079.3749876649263,-0.10524038268786294,-0.10173010076982135,-0.0976774887905564,-0.9506668795195214,-0.8700631324465695,-0.7816525864570162
2480810.2524812026,2080.126883423595,-0.10564852998656293,-0.10199774040548965,-0.09778258201077865,-0.9454610803109839,-0.8632089056805003,-0.7729883227455981
2481084.8765413533,2080.8787791822647,-0.10602344527159464,-0.10222379534116403,-0.09786293888365394,-0.9399588108162991,-0.8560576442141539,-0.7640783961186881
2481359.5006015035,2081.630674940933,-0.10636353991559296,-0.10241425110140197,-0.09789683777697386,-0.9341299299551992,-0.8485680926635666,-0.7549508325732198
2481634.124661654,2082.3825706996017,-0.10666975219163628,-0.10257000015444673,-0.09790617809229511,-0.9280225405061896,-0.8408367283617388,-0.745440780426387
2481908.7487218045,2083.1344664582716,-0.10693400136727886,-0.10268874863100752,-0.09787853835123204,-0.9216330503719535,-0.8328606261828964,-0.7356833074508538
2482183.3727819547,2083.88636221694,-0.10717295450777516,-0.10278051080996278,-0.09780804620127896,-0.9149867999716854,-0.8246050441160133,-0.7256449488446832
2482457.996842105,2084.638257975609,-0.10737519737489189,-0.10283672401428676,-0.09771135256024675,-0.9080763436126058,-0.8160449136567874,-0.7154196786002945
2482732.6209022556,2085.390153734279,-0.10753509699785177,-0.1028587403665127,-0.09757926183823994,-0.9009000060549269,-0.8072976462351465,-0.7050831955737044
2483007.244962406,2086.1420494929475,-0.10766520598535075,-0.1028532756907011,-0.09742887360853844,-0.8934550988405179,-0.7982026086735259,-0.6944236055739013
2483281.869022556,2086.893945251616,-0.10777091738437745,-0.1028063378377282,-0.09721777266577075,-0.8857548080332998,-0.7888588264890697,-0.6834715721064327
2483556.4930827064,2087.6458410102846,-0.10784999080939046,-0.10273729988304241,-0.09699673716279068,-0.8778506809533669,-0.7793228865698376,-0.6723301586207924
2483831.117142857,2088.3977367689545,-0.10790202359074388,-0.10263967421367294,-0.09674766657061823,-0.8696316067016517,-0.7695171235553739,-0.6610246646998602
2484105.7412030073,2089.1496325276235,-0.10792405534391392,-0.10251116173763661,-0.09646246755960405,-0.861184762284998,-0.7595400722016035,-0.6495322020732781
2484380.3652631575,2089.901528286292,-0.10792562726431022,-0.10235732226609659,-0.0961526432146219,-0.852488740378781,-0.749381505163354,-0.6377798669291944
2484654.989323308,2090.653424044962,-0.10788211027889816,-0.10217384961459876,-0.09580060822068022,-0.8435720276826945,-0.7389035724740056,-0.6259204191239811
2484929.6133834585,2091.4053198036304,-0.10781638268178502,-0.10195699515882375,-0.09542552686235017,-0.8344512370030939,-0.7282329217987427,-0.6138429812205376
2485204.2374436087,2092.157215562299,-0.10771787961533634,-0.10171126232615785,-0.09501486713840339,-0.8251176297677626,-0.7173539706721198,-0.6014611127783336
2485478.8615037594,2092.909111320969,-0.10760898489876802,-0.1014429688048292,-0.09459203962166449,-0.8155038276820981,-0.7062679725541652,-0.5889344271573183
2485753.4855639096,2093.661007079638,-0.10746112802810111,-0.10114849578734475,-0.09411835605100034,-0.8057267425518575,-0.6950220239019178,-0.5762026345642529
2486028.10962406,2094.4129028383063,-0.10728022110957885,-0.10082436157726157,-0.09363753064043576,-0.7957843367835682,-0.6836068012302472,-0.5633110274034483
2486302.73368421,2095.164798596975,-0.10707871997034121,-0.10046194654407364,-0.0931232366098175,-0.7856761272163074,-0.6720030781953231,-0.5502533874298123
2486577.357744361,2095.9166943556447,-0.10684339804039247,-0.10008215256977392,-0.09257989432639928,-0.7753649303731847,-0.6602501688484257,-0.5371901242460367
2486851.981804511,2096.6685901143132,-0.10658360283682795,-0.09967584198878654,-0.0920100697831586,-0.7647956606808034,-0.6483391671225518,-0.5239594226255232
2487126.6058646613,2097.4204858729818,-0.10629919436452415,-0.09923817366915208,-0.09142095307811361,-0.7539686828594729,-0.6361899561207942,-0.5105178842684478
2487401.229924812,2098.1723816316517,-0.1059886018108936,-0.0987785794689032,-0.09080625777275951,-0.7430714148461921,-0.6239077580409397,-0.4969030270799124
2487675.853984962,2098.9242773903206,-0.10565402404084988,-0.09830409960300632,-0.09017213571324266,-0.7320004996852668,-0.6115422243960522,-0.4831518216784055
2487950.4780451125,2099.676173148989,-0.10530925960278197,-0.09779499286455581,-0.08951070754555386,-0.7207058149910394,-0.5989348201380834,-0.46922615422239583
2488225.102105263,2100.428068907659,-0.10493575264295264,-0.09726137884995656,-0.08882089865232319,-0.7092625465781925,-0.5861538286301234,-0.45514419982551946
2488499.7261654134,2101.1799646663276,-0.10453086651141026,-0.09670542166948048,-0.08809844746287532,-0.6976529727747982,-0.5732404067285708,-0.4410616228244195
2488774.3502255636,2101.931860424996,-0.10409509606184121,-0.09612795950639122,-0.08736295706824654,-0.6858314212571234,-0.5601455292270197,-0.4266590737955698
2489048.974285714,2102.683756183665,-0.10364699387181463,-0.09552288934279696,-0.08660687273836698,-0.6739270137118916,-0.5469821409217644,-0.41230090347801945
2489323.5983458646,2103.435651942335,-0.10317249186280429,-0.094896927590017,-0.08583333181776685,-0.6618456127739091,-0.5336220793974946,-0.39794413768170606
2489598.222406015,2104.1875477010035,-0.10267868154523138,-0.09423661422381785,-0.08502320719912404,-0.6495917805750282,-0.5201388085510519,-0.38343545290191317
2489872.846466165,2104.939443459672,-0.10215702012073055,-0.09356223416743165,-0.08419463793976008,-0.6371386990952222,-0.5065164012681385,-0.3687329920210073
2490147.4705263157,2105.691339218342,-0.10162072295383952,-0.09286743223126169,-0.08333101417415852,-0.6246095406539993,-0.49270059927931975,-0.3539129243723666
2490422.094586466,2106.4432349770104,-0.10105452499997829,-0.09214297382495748,-0.08244820770695478,-0.612009043572585,-0.47883179014794897,-0.33907697979730633
2490696.718646616,2107.195130735679,-0.10047589534391815,-0.09140011299528816,-0.08154367409878961,-0.5992483224581011,-0.46489650301189545,-0.3241053086418347
2490971.342706767,2107.947026494349,-0.09986854261599079,-0.09063273849621861,-0.08062327551316269,-0.5863593695776871,-0.4507318961248215,-0.3091079007842594
2491245.966766917,2108.698922253018,-0.09924265439820655,-0.0898435229878556,-0.07967616408344515,-0.5733354542374562,-0.4366059703571734,-0.29408696775642507
2491520.5908270674,2109.4508180116864,-0.09858992279387398,-0.08903318241717062,-0.07871794993860663,-0.5602643777291342,-0.42238335023994944,-0.2789268485279568
2491795.2148872176,2110.202713770355,-0.09791810405710458,-0.08820189795341161,-0.077733160711954,-0.5471386301310998,-0.4080537685613785,-0.26370237991129036
2492069.8389473683,2110.9546095290248,-0.09722206901962384,-0.08734774204353257,-0.07673925191352154,-0.5337415911320255,-0.3936078900704453,-0.24829596865486842
2492344.4630075186,2111.7065052876933,-0.09651041241441391,-0.0864779587674184,-0.07572335126187218,-0.5202043894734627,-0.379034465332342,-0.23296523210783543
2492619.087067669,2112.4584010463623,-0.09578771207008187,-0.08558657990346837,-0.07468818257095176,-0.5066291362480904,-0.36444974051757967,-0.21748133813102707
2492893.7111278195,2113.210296805032,-0.09501953628842648,-0.08467063249713982,-0.0736373231831671,-0.4929106224010182,-0.34966784144653923,-0.20184516273563183
2493168.3351879697,2113.9621925637007,-0.09424441841943089,-0.08374887150601065,-0.07255850280677771,-0.47905870007992146,-0.33490552762752146,-0.18630573417372467
2493442.95924812,2114.714088322369,-0.09343854448278531,-0.08280576583003862,-0.0714659226753845,-0.4650932368905065,-0.31998303204495937,-0.17075212914619342
2493717.5833082707,2115.465984081039,-0.09262169207152424,-0.08184094438686174,-0.0703527562144084,-0.45098363619130993,-0.30505578495440655,-0.15509587177717105
2493992.207368421,2116.2178798397076,-0.09177573607738136,-0.08085764091670904,-0.0692138587079856,-0.43687866399497555,-0.29002171644520175,-0.13944825799898358
2494266.831428571,2116.969775598376,-0.09091407097367556,-0.07985355068165503,-0.06806191874974463,-0.4227439893614878,-0.27495933621612706,-0.12367067266876838
2494541.4554887214,2117.721671357045,-0.0900332709110109,-0.07883150051838875,-0.06690373316592109,-0.40847869024683575,-0.25975579386705927,-0.10790453710593977
2494816.079548872,2118.473567115715,-0.0891396149142026,-0.07779341219628932,-0.06572493111978277,-0.39411806086468737,-0.24453170832015253,-0.09210121625391174
2495090.7036090223,2119.2254628743835,-0.08822947589744674,-0.07674142170283962,-0.06451990464631702,-0.3796898969559904,-0.22925201533696143,-0.07622147301829953
2495365.3276691725,2119.977358633052,-0.08729987858422535,-0.07566813001497791,-0.06331431683699326,-0.3651633716253825,-0.21402822133116922,-0.06042625904126362
2495639.9517293232,2120.729254391722,-0.0863460969430509,-0.07457806468634746,-0.06208528348940369,-0.3505070700965035,-0.19869383746020503,-0.0446410762062927
2495914.5757894735,2121.4811501503905,-0.085378021592419,-0.07347416275493977,-0.06084000880067891,-0.33580460796123285,-0.18338245430147004,-0.028746279796060484
2496189.1998496237,2122.2330459090595,-0.08439317019065125,-0.0723479142945361,-0.05958046310401679,-0.3210339069073678,-0.16800066156207288,-0.012861006040353213
2496463.8239097744,2122.9849416677293,-0.08338669226183078,-0.07120942010156743,-0.05830717935472213,-0.30618807024380906,-0.15248881423168226,0.0029458697318070636
2496738.4479699247,2123.736837426398,-0.08236895894926592,-0.07005568658613917,-0.057019096297755485,-0.29126313750377997,-0.1369505066269395,0.01884566454151371
2497013.072030075,2124.4887331850664,-0.08133367628872819,-0.06888553067889297,-0.055714295277258755,-0.2763704766993683,-0.12141181999409768,0.03474248546702263
2497287.696090225,2125.240628943735,-0.08028142580723065,-0.06769948495639576,-0.05439731724945552,-0.26145645891898583,-0.10586482281011593,0.05062878935502557
2497562.320150376,2125.992524702405,-0.07920289387759,-0.06649834921990883,-0.05305986888870931,-0.24640526182370953,-0.09023743397807808,0.06648585921920078
2497836.944210526,2126.744420461074,-0.07810982729645932,-0.0652818903734326,-0.05171913997531019,-0.23124354253742813,-0.07468039411423341,0.0823216197485422
2498111.5682706763,2127.4963162197423,-0.0770167635508445,-0.06405071535526066,-0.05036349472514316,-0.21610003418756601,-0.059110948214208335,0.09812984757177502
2498386.192330827,2128.248211978412,-0.07589613062387553,-0.06279739608561892,-0.048978974526708775,-0.20093299993651728,-0.043480090160234304,0.11386247254062538
2498660.8163909772,2129.0001077370807,-0.07475085935035708,-0.061532791161848774,-0.047590970750669426,-0.18575291962484275,-0.02777403639671456,0.12954117145011426
2498935.4404511275,2129.7520034957492,-0.0735896724258308,-0.06025783859248279,-0.04619097445975443,-0.1705922314542208,-0.01197725589484875,0.1452382378011492
2499210.064511278,2130.503899254419,-0.07241121317807668,-0.05896538828592973,-0.04478166088220689,-0.15527510677503906,0.0038056603916163502,0.1608967682541946
2499484.6885714284,2131.2557950130877,-0.0712318318847931,-0.05765539152879337,-0.04336926167354555,-0.13988035255618794,0.019446825617952475,0.17651234821155043
2499759.3126315787,2132.0076907717566,-0.07003754813631817,-0.05633381684566309,-0.04193743591720547,-0.12453326566450892,0.035106067693967055,0.1921124909234751
2500033.936691729,2132.759586530425,-0.06882489226051614,-0.054998556557636635,-0.040497257149966305,-0.10914836399902592,0.050846100342281514,0.20767473249359703
2500308.5607518796,2133.511482289095,-0.06758738430178565,-0.053657133515577285,-0.039044305797098056,-0.09369959686664722,0.06652195901787972,0.22305300606927284
2500583.18481203,2134.2633780477636,-0.06633945928646216,-0.05230382003051532,-0.03757272203560403,-0.07826036113548764,0.08213809358740022,0.2384305750247796
2500857.80887218,2135.015273806432,-0.06508323494657935,-0.05093278051342823,-0.03610569071176634,-0.0627964870988849,0.09768287809199766,0.2537402703325438
2501132.4329323308,2135.767169565102,-0.06381964400369008,-0.04954588261709626,-0.03461993515892828,-0.04736027048995864,0.11320915059736544,0.2690359676254129
2501407.056992481,2136.5190653237705,-0.06253553927492966,-0.048153824306282136,-0.03312443891467782,-0.031913963162428546,0.1286974196011118,0.2842834776681935
2501681.6810526312,2137.2709610824395,-0.06124861788807411,-0.04674341054008668,-0.031619775095840526,-0.0164254528521446,0.14418265822108978,0.2994144883237856
2501956.305112782,2138.0228568411094,-0.0599451695342406,-0.04532021694791135,-0.030102741350292114,-0.0008607258945317625,0.15974541573358025,0.314406839606287
2502230.929172932,2138.774752599778,-0.05862891794851995,-0.043888464220955076,-0.028577517085526624,0.01468721986802114,0.17521112988343865,0.3292983147527744
2502505.5532330824,2139.5266483584464,-0.05729466043044071,-0.04244722436335226,-0.027037164496276467,0.030209605153983972,0.19066895175654827,0.34408822485177054
2502780.1772932326,2140.278544117115,-0.05593582439351805,-0.04099536859453328,-0.025485969023131154,0.04575260497759828,0.2060083363229011,0.35873554335770713
2503054.8013533833,2141.030439875785,-0.05456986659481408,-0.03952652413918678,-0.02394524095581493,0.061321856344156565,0.2212817222956678,0.37337237633375386
2503329.4254135336,2141.782335634454,-0.05319859765684748,-0.038047898714220776,-0.02240279411859436,0.07690836915616395,0.2365871366391767,0.3878764574663249
2503604.049473684,2142.5342313931224,-0.05181750232482264,-0.036560063047842914,-0.020847578421846667,0.09236352484529937,0.2518096595145747,0.40227838223850576
2503878.6735338345,2143.2861271517922,-0.05042560618518134,-0.03506668312138972,-0.019286962605224927,0.10778529135786648,0.26695600351318216,0.416487906065312
2504153.2975939848,2144.0380229104608,-0.04901830383666367,-0.03356110007594898,-0.01772034677715948,0.1231854626620893,0.2820308559727538,0.4306026728831278
2504427.921654135,2144.7899186691293,-0.04759567495290078,-0.03204150044591107,-0.016148150564615,0.13858360617235943,0.2970139392805691,0.4445827582919922
2504702.5457142857,2145.541814427799,-0.04615976143485844,-0.03052251761743205,-0.01456395102985771,0.15406922685450383,0.31191084624476434,0.45841958702012214
2504977.169774436,2146.293710186468,-0.04471349229126445,-0.028987222513504052,-0.012974481332443388,0.16938769127403458,0.3267555468194679,0.47211413322171064
2505251.793834586,2147.0456059451367,-0.043265134556060694,-0.027446990016675027,-0.011380805161436042,0.1846389032062279,0.34154511570062523,0.4856526666917302
2505526.417894737,2147.7975017038066,-0.0418047716128101,-0.02590095320414779,-0.009783789893927778,0.19977834765957414,0.35621391223106597,0.49903099191016576
2505801.041954887,2148.549397462475,-0.040334863040384285,-0.02434907684479017,-0.00818208585876605,0.21485557546564546,0.37069482500433604,0.512242316895035
2506075.6660150373,2149.3012932211436,-0.03885496307878403,-0.02278942501574118,-0.006578810932773617,0.22992578891349158,0.3851119886301454,0.5252845406908072
2506350.2900751876,2150.053188979812,-0.037360491684365595,-0.02122367036540678,-0.004978462505304691,0.2450061330170335,0.3993965788137217,0.5381509682936194
2506624.9141353383,2150.805084738482,-0.03585334138893324,-0.0196501453658357,-0.00337767522685032,0.26000418688420573,0.41361625043546857,0.5508129106686416
2506899.5381954885,2151.556980497151,-0.03434370228441904,-0.018064698277469215,-0.001772905278215706,0.27494190922860834,0.4277071360729312,0.5632655668795816
2507174.1622556387,2152.3088762558195,-0.032820980286902945,-0.01648447462320348,-0.00016121102503438217,0.28985415087664523,0.44171380688301015,0.5755297227002496
2507448.7863157894,2153.0607720144894,-0.03128624168055431,-0.01489646542897961,0.0014522481670603288,0.30471254282442767,0.4554908663064362,0.5875819009814722
2507723.4103759397,2153.812667773158,-0.029747112183709592,-0.013302046469318714,0.003065950216829819,0.31953261031570857,0.4691621534271835,0.5994236445467681
2507998.03443609,2154.5645635318265,-0.028208999824956185,-0.011699272449512799,0.004671609563001366,0.33404622298308906,0.4826519122489942,0.6110170778615831
2508272.65849624,2155.316459290495,-0.02666988365795589,-0.01009170026016611,0.00626915116281015,0.34856790430983137,0.49604604628362303,0.6223751858925402
2508547.282556391,2156.068355049165,-0.025112979869413975,-0.008482736052411188,0.007864520657251297,0.36305412627130623,0.5091894768242802,0.633472755043737
2508821.906616541,2156.820250807834,-0.02355233448433618,-0.006876840127869006,0.009457253450209663,0.3774594951058796,0.5222219875533312,0.6442928068587456
2509096.5306766913,2157.5721465665024,-0.021986221363909896,-0.005265914116882205,0.011047428862475221,0.3917053379753715,0.5351137309321354,0.6549375362318304
2509371.154736842,2158.3240423251723,-0.020412656472638974,-0.0036581755296156877,0.012636509641158946,0.4059061843714675,0.5477873024817761,0.6653236047393049
2509645.7787969923,2159.075938083841,-0.018834874866348918,-0.0020475919793134963,0.01422197547977948,0.4199613794125429,0.5602685333020552,0.6754308113139845
2509920.4028571425,2159.8278338425093,-0.017255047033965295,-0.000436285996960363,0.015802394529807754,0.43383960723605586,0.5725260685471703,0.6851346405328492
2510195.026917293,2160.579729601179,-0.01566704263778864,0.0011805104493929908,0.017371674923776777,0.44759442998628335,0.5845790841248776,0.6945327504447116
2510469.6509774434,2161.331625359848,-0.014063582681950041,0.002795391962350697,0.01893295602698304,0.46121602256263816,0.5964283848534991,0.7035999489400215
2510744.2750375937,2162.0835211185167,-0.012452778189474305,0.004407946851732156,0.020487840319498792,0.47469816696145645,0.6079822141787147,0.7123961220084394
2511018.8990977444,2162.8354168771866,-0.010850124213306623,0.006018007507005683,0.02204268326965638,0.4880344669033565,0.6193171207827748,0.7209287585933903
2511293.5231578946,2163.587312635855,-0.009245757196634265,0.007622399416641553,0.023586602308595377,0.5012183395135371,0.6304392336412611,0.729099207377515
2511568.147218045,2164.3392083945237,-0.007637332921558841,0.009227202890578157,0.02510740125500007,0.5142707831474488,0.6413555974125065,0.7367847982022386
2511842.771278195,2165.0911041531926,-0.006021119969277051,0.010827751765048774,0.0266045894452055,0.5271918302936472,0.6519739245821501,0.7440588998471787
2512117.395338346,2165.8429999118625,-0.004392205735402711,0.012426845019375937,0.028090331891141254,0.5399354674240758,0.6622450590536533,0.7509333215013233
2512392.019398496,2166.594895670531,-0.002778680973255224,0.01401683647818883,0.029568735676243865,0.5524108886111508,0.6722523824189444,0.7574969279216456
2512666.6434586463,2167.3467914291996,-0.001158063022081008,0.015599182441239319,0.03102489832167002,0.5646341776630471,0.682058567830029,0.7635628010389947
2512941.267518797,2168.0986871878695,0.00046943993608313217,0.01718254848399966,0.03245981378340724,0.5766964577661665,0.6915495192414176,0.7691308037780814
2513215.891578947,2168.850582946538,0.002095743929116991,0.018750413804379498,0.03388634504372271,0.5886123788380033,0.7006950047803393,0.7740431776577209
2513490.5156390974,2169.6024787052065,0.003707988421964611,0.020314589643384475,0.03530162086682368,0.600303219973453,0.7095225709482149,0.7782327230661713
2513765.1396992477,2170.3543744638755,0.00533158145660653,0.02186812812472137,0.03669233354003609,0.6117881829042235,0.7179376343672819,0.7819861423824072
2514039.7637593984,2171.1062702225454,0.006957152362268722,0.023413214624731345,0.038049271123438894,0.6230733761532068,0.7259250174398468,0.7849584015963471
2514314.3878195486,2171.858165981214,0.008576026348452857,0.02494595722120806,0.039374131989027505,0.6340856773702392,0.7336193940964256,0.7875345179385825
2514589.011879699,2172.6100617398824,0.010188553232280665,0.02646216667298871,0.040666355886627814,0.6448227720743417,0.7406549450324379,0.789398147925224
2514863.6359398495,2173.3619574985523,0.011803846404298244,0.027967658796136278,0.04194639753146931,0.6553074719641558,0.7473299753740323,0.790808973505747
2515138.26,2174.113853257221,0.013409138668967924,0.0294550817859561,0.043191017178640066,0.6650676905783467,0.7531709743070092,0.7920312356653145
