JD,year,rho_lo,rho_med,rho_hi,theta_lo,theta_med,theta_hi
2421634.26,1918.1083853455978,0.5135756368397569,0.7088160833321415,0.7871819034671748,3.7076242760675755,4.622215328641433,6.063570678283253
2421828.3276691725,1918.6397250150567,0.47855560444323203,0.690330874098421,0.7823434180533778,3.8218536108817855,4.7666363189038625,6.351192281050593
2422022.395338346,1919.171064684517,0.44147981807920883,0.6698954351786734,0.7756502264219698,3.9384659973170595,4.9189805049113735,6.683248663179104
2422216.4630075186,1919.7024043539761,0.4028607162886465,0.6473163846671828,0.7671275681517523,4.051957388650445,5.077589001566509,7.0460962691733355
2422410.5306766913,1920.233744023435,0.36396784971180807,0.6226766681163075,0.7567763342940151,4.1721221588472535,5.24861974009111,7.5097091822008
2422604.5983458646,1920.7650836928954,0.32416719131075666,0.5958258748841665,0.7447160024671818,4.29465764886464,5.435791872451433,8.086031310788263
2422798.6660150373,1921.2964233623543,0.2844225212300341,0.5666967792380213,0.730819909271858,4.41367985028115,5.637214492678929,8.828623931922273
2422992.73368421,1921.8277630318132,0.24922156925677572,0.5354759764848627,0.7149953542082886,4.538163826611958,5.857833116183299,9.777765577416659
2423186.8013533833,1922.3591027012735,0.21912330227100096,0.503168071451519,0.6974611066973719,4.6517649276509045,6.0979199620708195,11.033424580904784
2423380.869022556,1922.8904423707324,0.1886328383242742,0.4690561149341951,0.6777938357177798,4.764782051320846,6.369347325750816,12.828575122183178
2423574.936691729,1923.4217820401916,0.16367312825767663,0.43360465380018615,0.6562471791866088,4.880263972625586,6.655848484499814,15.308962350027654
2423769.004360902,1923.9531217096517,0.14699051363548968,0.3992374272486502,0.6333742657050568,4.996442069640237,6.990423538947826,20.461107724266636
2423963.072030075,1924.4844613791108,0.13001906220895112,0.3679320425502123,0.6090575795237665,5.116465667037699,7.38497885793047,32.02542124322432
2424157.1396992477,1925.0158010485698,0.1151430433302135,0.3354550375331263,0.5834855770198153,5.207305493804906,7.794750090700025,66.9403690011774
2424351.207368421,1925.54714071803,0.10166712999474442,0.3112824183556313,0.5593340855193403,5.250866193145112,8.242534428950249,115.76888144691802
2424545.2750375937,1926.078480387489,0.09285486418234142,0.2902280292824725,0.5375816417048974,5.266507044009447,8.741071222006678,150.08714277478677
2424739.342706767,1926.6098200569493,0.0854058832607768,0.2710351748011397,0.5168252667742924,5.204217082599556,9.32737091761213,162.68437665459916
2424933.4103759397,1927.1411597264082,0.08329725950095161,0.25636123303575986,0.49778865858478216,4.943962010916641,9.987851225614396,168.2083988309979
2425127.4780451125,1927.6724993958674,0.08094403787783659,0.24941416619408013,0.49003725483770305,183.3822158518982,10.61738728723718,171.4291453924394
2425321.5457142857,1928.2038390653274,0.07619803437560678,0.24562289648805125,0.4854774094202356,182.80001156413405,11.076334160230907,173.42820775589456
2425515.6133834585,1928.7351787347866,0.07553974421988831,0.24645362511661054,0.48773785298014516,182.46712164109556,11.326226857558671,174.46775992618552
2425709.6810526312,1929.2665184042455,0.07910727742455678,0.25409062433570395,0.5003983880184248,182.21812629616568,11.320351493708586,174.77986567218593
2425903.7487218045,1929.7978580737058,0.08602027074095163,0.26555630707654276,0.51483859015227,181.97680284425527,10.545113897896687,175.04963685624196
2426097.8163909772,1930.3291977431647,0.09049263742685551,0.27922695920100604,0.5367605353518266,181.80912120859213,9.668410356925435,175.54126682812603
2426291.88406015,1930.8605374126237,0.09870117457513282,0.2965009907785472,0.5636893684108271,181.72835637682303,8.529514554808332,175.6447546508817
2426485.9517293232,1931.391877082084,0.10872818885832257,0.3196699908245716,0.5933815249395398,181.70459749039242,6.561566975980267,175.88866689531176
2426680.019398496,1931.923216751543,0.11684287675854453,0.3487805119218622,0.6246565869928227,181.65349795369173,183.7653819507231,175.02597918362864
2426874.087067669,1932.454556421002,0.13200225210114544,0.38424952405479484,0.6549038726612345,181.63680655268868,183.53768861314322,174.17740754696308
2427068.154736842,1932.9858960904623,0.15105140500294875,0.4195274972543083,0.6843427633856392,181.61581614267212,183.3773790290964,172.33567061141116
2427262.222406015,1933.5172357599213,0.17418487189575957,0.4562788166451608,0.7124104449624857,181.71032754443692,183.32170881546554,168.55102568800282
2427456.2900751876,1934.0485754293802,0.20441398051739554,0.49351961435362424,0.7388073950086825,181.7808941456077,183.2887345996565,160.35178978845363
2427650.357744361,1934.5799150988405,0.23603824177660263,0.5295113076561296,0.7636129569614147,181.88308131941906,183.31319818405657,97.02001099693487
2427844.4254135336,1935.1112547682994,0.2748787690355107,0.5646302839434432,0.7867605737884357,182.00195955537762,183.36910147806034,13.890302114138018
2428038.4930827064,1935.6425944377584,0.31455365504365057,0.5978900908350471,0.8084220984484037,182.11299044513856,183.4374380596765,184.67936629344496
2428232.5607518796,1936.1739341072187,0.35747074418559066,0.6292798845528755,0.8287533789438591,182.20720345178674,183.50218532266146,184.5143604067724
2428426.6284210524,1936.7052737766778,0.39904441151682374,0.658881521984157,0.8476354693282605,182.363737566666,183.58324819845876,184.4805174863009
2428620.696090225,1937.2366134461367,0.4393947242515091,0.6867314253158383,0.8653762029810874,182.5003074431145,183.66465639570174,184.4874762040489
2428814.7637593984,1937.767953115597,0.4780016315433513,0.7128727397497476,0.8815406019157375,182.63982498916505,183.75783342350647,184.51675293810635
2429008.831428571,1938.299292785056,0.5147639616877026,0.7374166287611392,0.8966345205825518,182.8036920070448,183.8559514498375,184.56991914997752
2429202.899097744,1938.830632454515,0.5495968846192048,0.760238624679364,0.9102342838317664,182.96416707171102,183.9555610506485,184.62738289968854
2429396.966766917,1939.3619721239752,0.5825118013492873,0.7814574440337144,0.9225789066876829,183.1235245738875,184.06069060528756,184.69158002235451
2429591.03443609,1939.8933117934341,0.6135149749973156,0.8009692941600495,0.9338858259100052,183.2839476376432,184.1622461751744,184.76039675819843
2429785.102105263,1940.4246514628944,0.6424125933391873,0.8189102429849662,0.9441286314223966,183.43862890115338,184.26160132470073,184.82715509235152
2429979.169774436,1940.9559911323536,0.6693787145108749,0.8353615391622479,0.9532395859215015,183.58193483398256,184.36047973528605,184.8974674520132
2430173.2374436087,1941.4873308018125,0.6944315847459414,0.850322171670397,0.9612033451422352,183.7242488096441,184.45689009551586,184.9683925339858
2430367.305112782,1942.0186704712728,0.7177128761540156,0.8639179511328174,0.968197287999357,183.85966406885183,184.55078690242087,185.04120125769592
2430561.3727819547,1942.5500101407317,0.7392364653895221,0.876251875979589,0.9739379852019033,183.9912648014722,184.64292924537253,185.11423404283366
2430755.4404511275,1943.0813498101907,0.7592043094025085,0.8872074299997401,0.9789347187001995,184.11520060818418,184.7337051620328,185.18933024823605
2430949.5081203007,1943.612689479651,0.7771991926187054,0.8971571394733412,0.9829807258692322,184.23214720160183,184.82253212438775,185.26220656336008
2431143.5757894735,1944.1440291491099,0.7935920745022089,0.90590700801816,0.9863049409346034,184.34562898802622,184.9107157402842,185.33524024517502
2431337.6434586463,1944.675368818569,0.8083208478918257,0.9136164726517839,0.9887332293675295,184.45551641642496,184.99696318418242,185.40889820764224
2431531.7111278195,1945.206708488029,0.8218937736871095,0.9200038607248031,0.9899301518267131,184.56208344064103,185.08068671398385,185.482205961981
2431725.7787969923,1945.7380481574883,0.8339468942983936,0.9253116177280263,0.9905870789651622,184.664781289724,185.1635598655805,185.55470553360286
2431919.846466165,1946.2693878269472,0.8444038116432998,0.9295788037805439,0.9905567049732337,184.7655011134517,185.24615019024944,185.62653339103016
2432113.9141353383,1946.8007274964075,0.8535296385664282,0.9329850180500276,0.9898167852278382,184.86396118288167,185.32818878121202,185.69923001214394
2432307.981804511,1947.3320671658664,0.861632734358634,0.935231474501242,0.9884923473977643,184.96082677267924,185.40947210910156,185.77127788646146
2432502.049473684,1947.8634068353253,0.868129071058948,0.936778404320624,0.986184961418232,185.05522523543232,185.49143525190604,185.84365358846455
2432696.117142857,1948.3947465047856,0.8733526075539506,0.9372942104630992,0.9832380620093417,185.14862193463094,185.57204053764934,185.9165602296482
2432890.18481203,1948.9260861742448,0.87778124548667,0.9369367356233866,0.9796006099346947,185.2402739948736,185.652071880621,185.99103072374916
2433084.2524812026,1949.4574258437037,0.881031269774889,0.9358168639389959,0.9753254615022133,185.3321580231123,185.73353977499647,186.06565300302148
2433278.320150376,1949.988765513164,0.8830311641880206,0.9337004908058819,0.9704397613006193,185.42326045680988,185.81424785675713,186.14043608005917
2433472.3878195486,1950.520105182623,0.8841591243730674,0.9310637987185635,0.9649126041937388,185.5150322330299,185.89616370811743,186.21593619123868
2433666.4554887214,1951.0514448520819,0.8844729462208755,0.9276038733374811,0.9590590977752654,185.6058080360699,185.97823439827815,186.2929839142419
2433860.5231578946,1951.5827845215422,0.8836251548164181,0.9233319387007234,0.9525781411688884,185.6961721026012,186.06048914467266,186.3709200837116
2434054.5908270674,1952.114124191001,0.8818056739257276,0.9184624776783904,0.9454252628309273,185.78655206345977,186.14448598732469,186.4489058069191
2434248.65849624,1952.6454638604603,0.8791908129958443,0.9128959806898654,0.9377763725207721,185.87708426697,186.22900167283646,186.53036786458216
2434442.7261654134,1953.1768035299206,0.8756959575772659,0.9066401656038525,0.9295658350912684,185.96866832832245,186.31442919203118,186.61251600269887
2434636.793834586,1953.7081431993795,0.871495181604238,0.8997357140455209,0.920975332390255,186.06168780011572,186.40090020285393,186.69519315327753
2434830.8615037594,1954.2394828688398,0.8664688702854576,0.8924008597181555,0.9118061650637801,186.15609795913645,186.4887627535067,186.7810790603659
2435024.929172932,1954.7708225382987,0.8607582481607582,0.8843127253049372,0.9021146989625433,186.2513985795404,186.57842736699286,186.86813454322194
2435218.996842105,1955.3021622077576,0.8542392441564676,0.8756584754109875,0.8921154888262859,186.34674156543727,186.66965497179726,186.9570670609034
2435413.064511278,1955.833501877218,0.8469010254563875,0.8664319148725661,0.8816687933293096,186.44436905309277,186.76294605778682,187.0479895252779
2435607.132180451,1956.3648415466769,0.8387734434594687,0.8566544130962306,0.8708831880860617,186.5443383155249,186.85811787324462,187.14030716032073
2435801.1998496237,1956.896181216136,0.830213611165726,0.8464539131477089,0.8595756492160725,186.6448999026756,186.9557863127327,187.23575113523992
2435995.267518797,1957.427520885596,0.8207433760691405,0.8357687944556551,0.8481162128372397,186.74791489268645,187.05583802430328,187.3337487030113
2436189.3351879697,1957.9588605550553,0.8108173624788158,0.8245060215520816,0.836216753917692,186.85430988441675,187.15783810286462,187.43560673665354
2436383.4028571425,1958.4902002245142,0.8002472937775869,0.8129064257780069,0.8239130800972367,186.96170015274697,187.26338839712716,187.5406021087873
2436577.4705263157,1959.0215398939745,0.7890625495913238,0.8008066791718329,0.8112551972732585,187.0725693326968,187.3721951876104,187.64727999903977
2436771.5381954885,1959.5528795634334,0.7773213885016892,0.7883805825573389,0.7982382443842907,187.18649453351995,187.48462674534167,187.75872323258778
2436965.6058646613,1960.0842192328923,0.7650325609136658,0.7754938341224038,0.7849436266717658,187.3036483519341,187.5997114392239,187.87360119932524
2437159.6735338345,1960.6155589023526,0.7522451724641465,0.762151172093678,0.771350487359268,187.42480712822115,187.71888007055674,187.9934922497111
2437353.7412030073,1961.1468985718116,0.7390084274891172,0.7484957678075521,0.7573841896779654,187.54937218729555,187.84266704247247,188.117545879967
2437547.80887218,1961.6782382412707,0.7253712565467846,0.7345580977713909,0.7431858075178148,187.6780336868037,187.97194998941222,188.24634170377996
2437741.8765413533,1962.209577910731,0.7112607283181189,0.7201299000523266,0.7286905734433646,187.81244349972428,188.10613429502433,188.38013876904586
2437935.944210526,1962.74091758019,0.6966920391728653,0.7053810037382124,0.7139218356182058,187.95306342642093,188.24532918320486,188.52007272383864
2438130.011879699,1963.2722572496489,0.6817249369060978,0.690310235604797,0.6988734605207477,188.09844503179897,188.39051048226727,188.6657686874888
2438324.079548872,1963.8035969191092,0.6663866079267018,0.6749245633943755,0.6835478276191842,188.25038751552992,188.54236819628719,188.8182295913524
2438518.147218045,1964.334936588568,0.650822725002772,0.6592582902716886,0.6678201507908907,188.4076938951549,188.70164755297907,188.9788183649939
2438712.2148872176,1964.8662762580273,0.6348119083855394,0.6432860539826863,0.651859952103439,188.5726354941102,188.8682668071891,189.14772122520523
2438906.282556391,1965.3976159274873,0.6185342368509905,0.6270545898398069,0.6356121367026027,188.7487516625631,189.04429776817548,189.3256743323101
2439100.3502255636,1965.9289555969465,0.6019186708823885,0.6104759186334159,0.6191014934252701,188.9307828631542,189.2304373544416,189.5120340713322
2439294.4178947364,1966.4602952664054,0.5850821564861329,0.5936260186469866,0.6022739728836446,189.12202682659614,189.42619253419082,189.71082096914046
2439488.4855639096,1966.9916349358657,0.5679742322750579,0.5765740219082768,0.5852187040730246,189.3281839069281,189.6326350822195,189.9216510353301
2439682.5532330824,1967.5229746053246,0.5506010037354431,0.5592253880438975,0.5679250067921106,189.54550932540582,189.85282117431322,190.1449495983563
2439876.6209022556,1968.054314274785,0.5330110984386165,0.5416101160812294,0.5503754911636249,189.7748599984985,190.08518319624613,190.38371122610542
2440070.6885714284,1968.5856539442439,0.5152058414638306,0.5237927973932495,0.5326146658786242,190.01979362685287,190.3345005608947,190.63817184061722
2440264.756240601,1969.116993613703,0.49720197902566643,0.5057942294518465,0.5145849682266124,190.28046980420922,190.60304864776427,190.91273564470467
2440458.8239097744,1969.648333283163,0.478982070694443,0.4875359062763165,0.49635719696516944,190.56365088492683,190.89111647616397,191.20795827076324
2440652.891578947,1970.1796729526222,0.4605584799353979,0.4690766133163916,0.47790111014124464,190.86525058913764,191.2005359873128,191.52586379209538
2440846.95924812,1970.7110126220812,0.441943991014672,0.45045045647125664,0.4592910940606763,191.19222051575653,191.53636668391547,191.86922446647648
2441041.026917293,1971.2423522915415,0.4231928517646192,0.4316575277012956,0.44047527791779223,191.54669158286185,191.90228874631254,192.24325314814308
2441235.094586466,1971.7736919610004,0.4042716273692479,0.4127176409251563,0.42148638221352214,191.934550610848,192.3015056268759,192.65248862086293
2441429.1622556387,1972.3050316304593,0.3852183467550599,0.3936294348663486,0.4023180591996605,192.35832098444035,192.7373356028495,193.10230887877566
2441623.229924812,1972.8363712999196,0.3660035921591072,0.3743906269287609,0.38300645869206357,192.82485858884758,193.21903839339706,193.59951556039331
2441817.2975939848,1973.3677109693785,0.34667194938798984,0.3550578636153637,0.36355988849106335,193.34248667743822,193.7544174787591,194.15169458823698
2442011.3652631575,1973.8990506388377,0.3272278402013056,0.3355906134129386,0.3440261401724242,193.9156161282762,194.34943577034105,194.77292491578
2442205.4329323308,1974.430390308298,0.3077181740548308,0.3159809634963087,0.324390987682599,194.55868725090872,195.02010443102367,195.47161601577392
2442399.5006015035,1974.961729977757,0.28812051826983814,0.2963501253615566,0.3046606644750893,195.28144223685274,195.7764945283606,196.26501494277244
2442593.5682706763,1975.4930696472159,0.26849694795858553,0.27661869501634356,0.2848396409007849,196.1052525965001,196.64256898391488,197.17394845169332
2442787.6359398495,1976.0244093166762,0.24877483806720355,0.2568519708725889,0.2649914358678943,197.05082669028627,197.64175983059877,198.224671598998
2442981.7036090223,1976.555748986135,0.2291423540705739,0.23708667450205573,0.24511457161171893,198.15120521759277,198.80941340277306,199.46151567612603
2443175.771278195,1977.087088655594,0.2094790924249179,0.21733214874723777,0.2252213611581099,199.4428549800178,200.18516203315275,200.9316361838138
2443369.8389473683,1977.6184283250543,0.1899609637079398,0.1976588472155772,0.205354928690027,200.99531716350347,201.83412131168723,202.7012775200147
2443563.906616541,1978.1497679945135,0.17052135526632098,0.1780730676225894,0.1856035283771598,202.86548024244084,203.84641428275452,204.87747815968092
2443757.974285714,1978.6811076639724,0.15132742008069242,0.15873439446635162,0.16607617488819199,205.17784617399633,206.3659312291546,207.6149405641272
2443952.041954887,1979.2124473334327,0.13256527479763325,0.1396307851616469,0.14679418078620676,208.11034487148189,209.57048125344343,211.13461029717917
2444146.10962406,1979.7437870028916,0.11436932775279349,0.12112278640836627,0.1279217490546377,211.90702415189503,213.77159430737922,215.8005464944269
2444340.1772932326,1980.2751266723506,0.09716465682146483,0.10338656060521415,0.10975624473216049,216.9801134875133,219.43436602450046,222.16825888566729
2444534.244962406,1980.8064663418108,0.08159680908357608,0.0870436113982603,0.09281896762931982,223.99017366005864,227.3267075017361,231.13546290206466
2444728.3126315787,1981.3378060112698,0.06889778258108555,0.0731183032636736,0.0778130517107176,233.88497386394909,238.57290142755397,243.81914071337462
2444922.380300752,1981.86914568073,0.06081603495164493,0.06312264589519886,0.06614820328986201,247.87929927403187,254.15759985062272,260.92580472627037
2445116.4479699247,1982.4004853501892,0.058562677304861775,0.059483050157895276,0.060510836899966856,266.2281280471523,273.5873021134615,280.9751852480673
2445310.5156390974,1982.9318250196482,0.060126636497564286,0.06231421115071313,0.06521920342657325,286.41300632898503,293.24220288362335,299.60038087176565
2445504.5833082707,1983.4631646891085,0.06757548251080449,0.07172467578182895,0.07631378249178006,304.09290345130205,309.3434168796965,314.00228593487316
2445698.6509774434,1983.9945043585674,0.07999831231970257,0.08532891418032182,0.09091264838680371,317.3050850624195,321.03813263631747,324.3088629239951
2445892.718646616,1984.5258440280263,0.0953744317493745,0.10139699631142772,0.10761199656195525,326.6288913120588,329.2514299091971,331.57905114606694
2446086.7863157894,1985.0571836974866,0.11250622764544331,0.11898704114193981,0.12551319208461467,333.2383048611003,335.14291877802265,336.84655693699597
2446280.853984962,1985.5885233669455,0.13068169989416079,0.13741792124113078,0.14419646001861136,338.08206208183293,339.48690475789334,340.7842267264816
2446474.921654135,1986.1198630364047,0.14947157215776993,0.15636240763562984,0.16332027009085084,341.7106411606684,342.7899417766059,343.8118819453034
2446668.989323308,1986.6512027058648,0.16868590164126607,0.17567661953975972,0.18272750545495142,344.5212175184326,345.376291096299,346.1950758727998
2446863.056992481,1987.182542375324,0.1881526955222006,0.19520337674326918,0.20232809411778166,346.75544948481536,347.44574133311994,348.112397512171
2447057.124661654,1987.7138820447828,0.20775135379885998,0.21482312021312033,0.2220435653561533,348.56561867598185,349.1364273478843,349.69322813012377
2447251.192330827,1988.2452217142431,0.22744453023856764,0.2345372938316816,0.2418120807049466,350.065985585008,350.54296410869836,351.01613378507875
2447445.26,1988.776561383702,0.2471107105822112,0.2542844018746947,0.26159145825807556,351.32628709913797,351.73270715501974,352.1372196189643
2447639.3276691725,1989.307901053161,0.2667709398438159,0.2739353272229719,0.28133258658086036,352.4006142007136,352.752723320957,353.10112114400926
2447833.395338346,1989.8392407226213,0.28639769899727935,0.293576285416502,0.30097626778363656,353.3254876178164,353.636842956592,353.9423298386399
2448027.4630075186,1990.3705803920802,0.3059214375183602,0.3131639720869785,0.32055356004406543,354.13427117386607,354.41011245663043,354.67860344623676
2448221.5306766913,1990.9019200615394,0.3253982026052332,0.3326449697598277,0.3400220423349405,354.84721155279897,355.09147405317793,355.3301284524056
2448415.5983458646,1991.4332597309997,0.34470500223029144,0.35196266085681965,0.3593696255484729,355.47962434088583,355.6979139421311,355.9111215733299
2448609.6660150373,1991.9645994004586,0.3638565867638507,0.37111497278149286,0.37859245199254044,356.0441403942183,356.24097464072,356.4321357497168
2448803.73368421,1992.4959390699175,0.3828337193639042,0.3901313952139252,0.3976331817065792,356.5524865305669,356.7314248599547,356.9051092331229
2448997.8013533833,1993.0272787393778,0.40167451256705844,0.4089869847946972,0.41645127972963875,357.0133047062908,357.1767623885351,357.33479135516876
2449191.869022556,1993.5586184088368,0.4203597711409204,0.4276323389772275,0.4350877863371183,357.4329127244054,357.5825028180917,357.7272951650296
2449385.936691729,1994.089958078296,0.43885006527376463,0.4460572126116026,0.45355645173898046,357.8180411650703,357.9538413163034,358.08786674563856
2449580.004360902,1994.621297747756,0.4571278765883566,0.4642547283319357,0.47175115193010475,358.17097384388205,358.29637266718345,358.4194211936935
2449774.072030075,1995.1526374172151,0.47510856904352833,0.482224424021636,0.4897026474545189,358.4964856287678,358.61298805355335,358.7267945135228
2449968.1396992477,1995.683977086674,0.49282298419366316,0.4999375238823568,0.5073953043867734,358.798530961569,358.9072721666158,359.01292453455915
2450162.207368421,1996.2153167561344,0.5103516078178257,0.5173461999535197,0.524779152808828,359.07993002982744,359.1813995842635,359.2798917382607
2450356.2750375937,1996.7466564255933,0.5275580542834518,0.5344780326337413,0.5418502457567209,359.34287448133773,359.43766565904514,359.5299937986746
2450550.342706767,1997.2779960950536,0.544447869541433,0.5513097133548528,0.5586246757738315,359.58934293447413,359.67832540657736,359.7645533467024
2450744.4103759397,1997.8093357645125,0.561004268105779,0.5677898901142104,0.5750366125511835,359.8210731123535,359.9051010117021,359.98597253877864
2450938.4780451125,1998.3406754339717,0.5772285927920872,0.583929256390218,0.5910639515752985,0.03941922111913031,0.11928124046753666,0.19526763647916023
2451132.5457142857,1998.8720151034317,0.5930614698528351,0.5997003856530292,0.6067020976028629,0.2461696367752175,0.32167053429663917,0.3934380866674508
2451326.6133834585,1999.403354772891,0.6084883884642787,0.6150572513305733,0.6219716697455391,0.4420686700339408,0.5140144656467959,0.5817282763074232
2451520.6810526312,1999.9346944423498,0.6235557674940312,0.6299783237425753,0.6368032936588276,0.6286101813958793,0.6969327281308982,0.7618677043044308
2451714.7487218045,2000.4660341118101,0.6381309235033056,0.6444963888460007,0.6511846343734469,0.8064779562932454,0.871495375375768,0.9330921887777062
2451908.8163909772,2000.997373781269,0.6523105212187993,0.6585236399218841,0.6650972804985193,0.9762185920035025,1.038388468979097,1.0976013954788761
2452102.88406015,2001.528713450728,0.6659655197407031,0.6720986726319598,0.6785027923171645,1.1395878182944552,1.198601913137548,1.2553873945691154
2452296.9517293232,2002.0600531201883,0.6791236557818368,0.6851394354215185,0.6913507609718603,1.2961011806265914,1.3524225109141867,1.40681603836887
2452491.019398496,2002.5913927896472,0.6917852935282586,0.6976399744948508,0.7036536113892562,1.4465856539853543,1.5007203370297255,1.5530818793487082
2452685.087067669,2003.1227324591064,0.703882243596027,0.7095566334610007,0.7153865147108426,1.5916846374393587,1.644053497705272,1.6949449982529374
2452879.154736842,2003.6540721285667,0.7153715715654525,0.7208688575804985,0.7265162976637283,1.7320691772458883,1.7825872048142135,1.8316096646183528
2453073.222406015,2004.1854117980256,0.7262656781514325,0.7315515282028877,0.7370059752466568,1.8681049924597763,1.9172159456608941,1.9644766566394993
2453267.2900751876,2004.7167514674845,0.7364875403210277,0.7415673639859336,0.746827476529934,2.000342337316292,2.0482371933031205,2.0939495695216777
2453461.357744361,2005.2480911369448,0.7459998897872687,0.7508817749951944,0.7559525492463869,2.128706567056332,2.1756143652627573,2.2202486901227747
2453655.4254135336,2005.7794308064038,0.7547926082486524,0.7594672157948796,0.7643297374317095,2.25456753318446,2.2999443536852127,2.3436900379024266
2453849.4930827064,2006.3107704758627,0.7628222248455102,0.7672657281107584,0.7719264844583018,2.3775045558102383,2.421691739514954,2.4643949422810243
2454043.5607518796,2006.842110145323,0.7700195601571858,0.7742549549624269,0.7786838284658502,2.497944454421624,2.5411489830750758,2.5827071444594125
2454237.6284210524,2007.3734498147821,0.776365478172753,0.780419441357382,0.784589252127418,2.6161226954992935,2.6585943858370404,2.6989379536789686
2454431.696090225,2007.904789484241,0.7818364099324192,0.7856714740810513,0.7895917908841917,2.7328749254122013,2.7742361448779143,2.8137598801898784
2454625.7637593984,2008.4361291537014,0.7863366416877718,0.7899736406582889,0.7936437781819754,2.8480720859327806,2.88854741486868,2.9271022426840267
2454819.831428571,2008.9674688231603,0.7898555384237259,0.7932826263517181,0.796694480765882,2.962161190443936,3.0015898379260193,3.039412627967677
2455013.8990977444,2009.4988084926206,0.7923240147732734,0.7955221715417259,0.7987123270519674,3.0756086656997725,3.1140356524271793,3.1509630477112966
2455207.966766917,2010.0301481620795,0.7937181641512662,0.7966862309911289,0.7996429474365204,3.188585238244623,3.2258344846312776,3.262217718477724
2455402.03443609,2010.5614878315384,0.7939599750465618,0.7966832786227587,0.7994316032578076,3.3012088962667745,3.3374706677377945,3.3730683655417164
2455596.102105263,2011.0928275009987,0.7929861034971342,0.795460697558964,0.7979615538570038,3.4140261934022496,3.449395115413894,3.4842972564910144
2455790.169774436,2011.624167170458,0.7907165842562596,0.7929687229000763,0.7952565940059464,3.5272249227204586,3.561719751879101,3.5959250475396582
2455984.2374436087,2012.1555068399168,0.7871012439740404,0.7891408501918458,0.7911819055322823,3.6413658667761863,3.6750428087301343,3.7084257550114836
2456178.305112782,2012.6868465093771,0.7820705102713027,0.7839090343429522,0.7857350506423835,3.7567006702161456,3.789648435823047,3.8223389314770504
2456372.3727819547,2013.218186178836,0.775560420665174,0.7771775830711469,0.77881726954638,3.8740341561792304,3.906055993153338,3.9379634328090782
2456566.4404511275,2013.749525848295,0.7674731595020786,0.7689063247038792,0.7703752448460371,3.993368543344094,4.024747814083022,4.055997390585117
2456760.5081203007,2014.2808655177553,0.757746262591004,0.7590170171243757,0.7603165394327321,4.115474829192074,4.146280524832701,4.176920310483637
2456954.5757894735,2014.8122051872142,0.7463035651381105,0.7474321002450962,0.7485818078963694,4.241198077832108,4.271504624858575,4.301254532453501
2457148.6434586463,2015.3435448566734,0.733093501829932,0.7340841961445983,0.7351025224643023,4.371011134632231,4.40059333378626,4.429701214171885
2457342.7111278195,2015.8748845261334,0.7180124056438971,0.7188861997696638,0.7197761470268222,4.5060685625233825,4.534865756333119,4.563177396255999
2457536.7787969923,2016.4062241955926,0.700992658716479,0.7017522999288675,0.702561328744437,4.647354823477245,4.675442511100866,4.702906650748939
2457730.846466165,2016.9375638650515,0.6819652278342879,0.6826485648259744,0.6833652545649403,4.796159402348913,4.823430002576515,4.850305284477953
2457924.9141353383,2017.4689035345118,0.6608645231936313,0.6614790628270402,0.6621180415779465,4.954075481875086,4.980510327237173,5.006606790235719
2458118.981804511,2018.0002432039707,0.6376259559489352,0.6381911057655953,0.6387705449376446,5.122834101413302,5.1484614530513175,5.173723750105787
2458313.049473684,2018.5315828734297,0.6121988776745599,0.6127206720293061,0.6132640173987394,5.304959916757059,5.329660189539144,5.354118112736969
2458507.117142857,2019.06292254289,0.5845454965850638,0.5850308482593658,0.585538913715707,5.503784498925561,5.527524717814376,5.5510649709791196
2458701.18481203,2019.5942622123491,0.5546429575805587,0.555103997260718,0.5555770854297385,5.722912093775773,5.745895282229775,5.768136885545636
2458895.2524812026,2020.125601881808,0.5224810334002234,0.5229202252935915,0.5233590800775899,5.9680678663530635,5.99003269164471,6.011555841790659
2459089.320150376,2020.6569415512683,0.4880852097419844,0.48849564783009847,0.4889067837206826,6.246448571905801,6.267602925021556,6.288267298513983
2459283.3878195486,2021.1882812207273,0.4514845746011035,0.4518572433541038,0.45223812451568374,6.568361858381266,6.588820215658149,6.608508073976018
2459477.4554887214,2021.7196208901862,0.41275546240863953,0.41308228269109215,0.4134176937051838,6.948653076216813,6.968736491310306,6.98797391971709
2459671.5231578946,2022.2509605596465,0.3720006412685702,0.37226047335427864,0.3725284502719217,7.409668112211322,7.429744288917858,7.448591158091261
2459865.5908270674,2022.7823002291054,0.32935755418255125,0.32953023542595666,0.3297063559201393,7.986605592785167,8.007493334739626,8.0271362285769
2460059.65849624,2023.3136398985646,0.28499063066836305,0.2850646852416339,0.28513652232160314,8.738686614667898,8.762113114450468,8.784406265967322
2460253.7261654134,2023.8449795680249,0.23893139278046163,0.23907684049008726,0.239217021618395,9.773795257522927,9.801695317398739,9.829270886388336
2460447.793834586,2024.3763192374838,0.19150021504528109,0.19183917201166975,0.1921762197176007,11.310396979588313,11.346857023799146,11.384215745173105
2460641.8615037594,2024.907658906944,0.14314601069854094,0.14371911740015286,0.14429367351529662,13.863630082878327,13.918303358345144,13.973534306407599
2460835.929172932,2025.438998576403,0.09450589008996052,0.09534240874864253,0.09617208406983359,18.981818850107498,19.09864139082461,19.214743753118896
2461029.996842105,2025.970338245862,0.04769921154834766,0.04874693224051252,0.0497735077699418,33.98275181088913,34.53405625262106,35.112894591587406
2461224.064511278,2026.5016779153223,0.025620196535793945,0.025934484441295744,0.026305997721748832,109.65963933102435,112.72516558229623,115.77114159722811
2461418.132180451,2027.0330175847812,0.061920732829340935,0.06338995174668177,0.06487676544640787,160.7742675331794,161.5568439279848,162.33287752253625
2461612.1998496237,2027.5643572542403,0.10924912634717658,0.1110759966164333,0.11291115604742673,171.31393918209514,171.67574438152877,172.0474886165978
2461806.267518797,2028.0956969237004,0.15745653549804423,0.15952431784475057,0.1615973682374105,175.43874028345002,175.67987460968575,175.92835769560898
2462000.3351879697,2028.6270365931596,0.20530527002039425,0.20753314814273685,0.20976802263621444,177.6327384588068,177.82206333100092,178.01719818110678
2462194.4028571425,2029.1583762626185,0.25233337027743574,0.25464832604535415,0.25697246550576996,179.00288236917282,179.16366819817054,179.3297810999084
2462388.4705263157,2029.6897159320788,0.29826655741497,0.3006051564859897,0.3029264499971481,180.06287885357352,180.20009026768398,179.91135157652522
2462582.5381954885,2030.2210556015377,0.3429095131653348,0.3451774884426764,0.34743848435538854,180.6408867854894,180.77223109484115,180.9112239835734
2462776.6058646613,2030.7523952709967,0.386096152566313,0.3882088166829521,0.390345572425357,181.17667581652182,181.3009841198218,181.43414641268626
2462970.6735338345,2031.283734940457,0.42763656043940756,0.429590780666555,0.43163518516309746,181.60626160867753,181.72633887937596,181.85486249960917
2463164.7412030073,2031.8150746099159,0.4673627738777463,0.4692854200655668,0.47130874582854687,181.9604037708007,182.07785595236194,182.20481586212964
2463358.80887218,2032.346414279375,0.5050574111763173,0.5072461761423576,0.5094017226050508,182.25903927941502,182.3753270532526,182.50072469883767
2463552.8765413533,2032.8777539488353,0.540718543491607,0.5434316483955774,0.5460139519651667,182.51648619265453,182.6322441086451,182.75760969636102
2463746.944210526,2033.4090936182943,0.574248046987975,0.577823244815646,0.5810048976958487,182.7429257838935,182.85797376829862,182.98424502044494
2463941.011879699,2033.9404332877532,0.6057267881728527,0.6103615729754769,0.6143552442262138,182.94364589185005,183.05878458627706,183.1861092817382
2464135.079548872,2034.4717729572135,0.6351393301717264,0.6410948286090485,0.6461076382621481,183.12348192182571,183.24009318765505,183.3684712371249
2464329.147218045,2035.0031126266724,0.6626913198876035,0.6699953579371456,0.6762285414571885,183.28659359480739,183.40483777468282,183.53592798312027
2464523.2148872176,2035.5344522961313,0.6883279008402104,0.6971987578102936,0.7046947776598623,183.43619546028918,183.55737968306042,183.69057383907688
2464717.282556391,2036.0657919655916,0.712131666918024,0.7226576369415236,0.7316327288705212,183.5749912419886,183.69788677279763,183.83400741158067
2464911.3502255636,2036.5971316350508,0.7340440211268727,0.7464261045726766,0.7569317733771598,183.70417056789083,183.82927730722344,183.96893840240014
2465105.4178947364,2037.1284713045097,0.7542432922752028,0.768557003463316,0.7806365536497691,183.8250068627486,183.95308984875211,184.09648745849515
2465299.4855639096,2037.65981097397,0.7727693083708334,0.7890352867861086,0.8028192108212671,183.9390921132885,184.06987286912295,184.21728343530313
2465493.5532330824,2038.191150643429,0.7895905710464963,0.8079584026176729,0.82351550476661,184.04674359301941,184.18059947048175,184.333401286645
2465687.6209022556,2038.7224903128892,0.8048612010613598,0.8253708382487983,0.8428312041269765,184.1495205883244,184.28713833897743,184.44403491659244
2465881.6885714284,2039.2538299823482,0.8186096981127023,0.8413390385074491,0.8607114650253147,184.24847989886646,184.389483800204,184.55116856687926
2466075.756240601,2039.7851696518073,0.830938516090763,0.8558921360053924,0.8772195687806096,184.3430068348022,184.4876583050381,184.6547954605392
2466269.8239097744,2040.3165093212674,0.8418761126879374,0.8691030907668584,0.892558688784627,184.43407900304132,184.58311084553776,184.7560935093633
2466463.891578947,2040.8478489907266,0.8514057735725429,0.8809615742642581,0.9065907948365189,184.5220218845849,184.67615963622038,184.8545501402864
2466657.95924812,2041.3791886601855,0.8596308272807418,0.8915927655524103,0.9193171633659413,184.60807040847368,184.76636843762543,184.95081553342808
2466852.026917293,2041.9105283296458,0.8666142609505811,0.9010496918437787,0.9308843085221437,184.6914968607462,184.8545954335092,185.04569350325374
2467046.094586466,2042.4418679991047,0.8724266288088044,0.9092399596771847,0.9414552461760527,184.77273026010067,184.94115670282773,185.1392075456594
2467240.1622556387,2042.9732076685636,0.8770251257330927,0.9163281708989088,0.9508030577017987,184.85212781429024,185.02618571735135,185.23123140374918
2467434.229924812,2043.504547338024,0.8805231542875148,0.9223768591346381,0.9590793043258832,184.92992236018256,185.11014945082994,185.3222895320747
2467628.2975939848,2044.0358870074829,0.8829554389890019,0.9273700888293919,0.9663809632708998,185.00695513304757,185.19300051135633,185.41309223580294
2467822.3652631575,2044.567226676942,0.8843470473845911,0.9312775257639692,0.9726573022793779,185.08282780270227,185.27510501166304,185.5037260941878
2468016.4329323308,2045.098566346402,0.8847723498013151,0.934196050753789,0.9779367197417833,185.15780303293812,185.35662168727154,185.59322669119018
2468210.5006015035,2045.6299060158613,0.8842396614326773,0.9361822757266459,0.9822299962442819,185.2317852115524,185.4375624795932,185.68261528563897
2468404.5682706763,2046.1612456853202,0.8827900263437112,0.9372880597751738,0.9855775948045384,185.30525964547186,185.51850267633802,185.7733819094288
2468598.6359398495,2046.6925853547805,0.8804600612492423,0.9375035852494038,0.988091209741417,185.37840758533278,185.59930723380788,185.8644393756515
2468792.7036090223,2047.2239250242394,0.8773114839559661,0.9368592713986129,0.9898535367851761,185.4509014691557,185.68014357153507,185.95654961507105
2468986.771278195,2047.7552646936983,0.8733071067625683,0.935387569371701,0.9908133859605989,185.52356741981933,185.76096236951855,186.04846793184942
2469180.8389473683,2048.286604363159,0.8685140532425836,0.933126839151762,0.9909551536784507,185.5956642647813,185.84143387120326,186.1417033425184
2469374.906616541,2048.8179440326176,0.8630412298444768,0.9300967133073113,0.9903120258609831,185.66775742951322,185.922752619888,186.23665812773444
2469568.974285714,2049.3492837020767,0.8566924256688442,0.9263379218450025,0.9888843621552829,185.740091892699,186.00520340028004,186.33219474124533
2469763.041954887,2049.880623371537,0.8497615787599669,0.921831986052764,0.9868013316386282,185.81258297240703,186.08861858474245,186.43045677548378
2469957.10962406,2050.411963040996,0.8421559653998157,0.9166934477861981,0.9840076078088988,185.8851996994528,186.17299198175837,186.5302702065572
2470151.1772932326,2050.943302710455,0.8337859045224166,0.9109167996754893,0.9805713899331427,185.9588472694578,186.25717795096566,186.6318384138535
2470345.244962406,2051.474642379915,0.8248771840956657,0.9044935230854749,0.9764203165188576,186.03371858321472,186.34301461516603,186.73452399049154
2470539.3126315787,2052.0059820493743,0.8154808722275417,0.8974044871095539,0.9717386765163151,186.10823505063283,186.43123604322489,186.8399873817593
2470733.380300752,2052.5373217188344,0.805385475437467,0.8897019377882982,0.9663819093092039,186.1841709570203,186.52052088612012,186.9485536858762
2470927.4479699247,2053.0686613882935,0.7946438778011825,0.8814502771597732,0.9604805815034964,186.2604926297771,186.61123311121784,187.05901235156043
2471121.5156390974,2053.6000010577523,0.7834721391089478,0.8726539018045916,0.9539649123529296,186.33773119762,186.70301550233262,187.1731571039303
2471315.5833082707,2054.131340727213,0.7718738624960957,0.8633046625838027,0.9468289251144962,186.4159154372585,186.79659457454554,187.29129919010805
2471509.6509774434,2054.6626803966715,0.7596650680786085,0.8534740018624154,0.9391535398409613,186.49552585203114,186.89358276255447,187.41107736496042
2471703.718646616,2055.1940200661306,0.7469743883860686,0.8431755353682606,0.9310176380040935,186.57638285268632,186.99221869264508,187.53520516873948
2471897.7863157894,2055.725359735591,0.7338621517757635,0.8324054337161353,0.9223499344667094,186.6594588901799,187.09478441999883,187.66436469675745
2472091.853984962,2056.25669940505,0.7205051507712108,0.8211098862355648,0.9132366152839884,186.7445919228101,187.19910116735932,187.79712912071204
2472285.921654135,2056.788039074509,0.7066340475866425,0.809303791120376,0.9036122259115912,186.83125554936754,187.3062741852791,187.93571624715477
2472479.989323308,2057.319378743969,0.6922571875077255,0.7970696902656429,0.8936283978411426,186.91926755090682,187.41611415716255,188.08174061104157
2472674.056992481,2057.8507184134282,0.6775187447097132,0.7844759499691724,0.8831016700363414,187.0096482778617,187.53032109780608,188.2332359681073
2472868.124661654,2058.382058082887,0.6624010527314755,0.7714583416290608,0.8721226775463012,187.1013737878596,187.64772032728666,188.39045010397612
2473062.192330827,2058.9133977523475,0.6470161771375845,0.7580329896883777,0.860719865554164,187.19530691913704,187.76809625638262,188.5550708998993
2473256.26,2059.4447374218066,0.6312792173193625,0.7441587740755247,0.8489666016814954,187.29241336412264,187.89374175595117,188.72750389979657
2473450.3276691725,2059.9760770912653,0.6150311429983757,0.7299156898053848,0.8367826058129761,187.3917823480991,188.02433287845608,188.90957568503333
2473644.395338346,2060.507416760726,0.5985232611951691,0.7153437910625957,0.8241659386045407,187.49585240227634,188.15913006661597,189.10121311411592
2473838.4630075186,2061.0387564301845,0.5816988592723353,0.7004587223399376,0.8112780994404099,187.60149964955454,188.30020978118387,189.3067919767354
2474032.5306766913,2061.5700960996437,0.5645649656759191,0.6852421846529813,0.7980202775237804,187.7105578283109,188.44824968823954,189.52121990151866
2474226.5983458646,2062.101435769104,0.5473018931098323,0.6698042986610191,0.7843853257827175,187.8242246109595,188.6028523890341,189.74989922391785
2474420.6660150373,2062.632775438563,0.5297106496618069,0.6539733604322887,0.7703725293798172,187.94162081525226,188.76389172298585,189.9958584799183
2474614.73368421,2063.164115108022,0.5118264766145089,0.6378496078514141,0.7560387945362745,188.06525690680368,188.93515394217917,190.25762165522576
2474808.8013533833,2063.695454777482,0.49369205817230943,0.6214744839466926,0.7413887644590942,188.19217165437664,189.11466430586327,190.5373220186872
2475002.869022556,2064.2267944469413,0.47529373982354806,0.604730581926421,0.7264728016026114,188.3240729151192,189.30403691700738,190.8400731164085
2475196.936691729,2064.7581341164,0.4567547001094038,0.5877467979504927,0.7112296191168461,188.46172349713663,189.5042297774897,191.16682919288456
2475391.004360902,2065.2894737858605,0.4378450756000014,0.570514975403803,0.6956633693857543,188.6064402126692,189.71657325691982,191.5209657594387
2475585.072030075,2065.8208134553192,0.4190193050743816,0.5530164939895962,0.6798556014709174,188.75856423309367,189.94106736171085,191.91392357220104
2475779.1396992477,2066.3521531247784,0.3999029565667851,0.5352422440520692,0.6636977454457913,188.9154785893104,190.17947654692222,192.3370074875279
2475973.207368421,2066.8834927942385,0.3805973004603191,0.5172724552691357,0.647281905770044,189.08184439941292,190.43502073743687,192.80042975158017
2476167.2750375937,2067.4148324636976,0.3612177282900436,0.4990932552762695,0.6307457914007523,189.25520855524914,190.70813298178734,193.31033235691748
2476361.342706767,2067.946172133158,0.3415749529050185,0.48072756930824734,0.6139332119463764,189.43880413450256,191.0027395739861,193.88037439881407
2476555.4103759397,2068.477511802617,0.32202861837950814,0.4621190574967329,0.5970164388078966,189.63401694465605,191.3238475857507,194.5247082223564
2476749.4780451125,2069.008851472076,0.3022693238036574,0.4434627367381754,0.5797697800825724,189.84105293183978,191.67132981079442,195.2484402163466
2476943.5457142857,2069.540191141536,0.28236766392258217,0.424609236532145,0.562336753573461,190.05734420921308,192.04634214215852,196.08161852701656
2477137.6133834585,2070.0715308109952,0.26241081600315264,0.40556912775524023,0.544696308415739,190.2910925169765,192.4581820139477,197.0387767543031
2477331.6810526312,2070.602870480454,0.2424390197308787,0.38637067092742816,0.5268637189192186,190.5370858671943,192.9078170071391,198.16570526450533
2477525.7487218045,2071.1342101499145,0.22235908635385415,0.3670727586391539,0.5087236012534953,190.80219741061413,193.4031064733941,199.48503675153782
2477719.8163909772,2071.665549819373,0.20249510429171183,0.347674003044652,0.4903798338234056,191.0838874469034,193.96084716007832,201.0651027038989
2477913.88406015,2072.1968894888323,0.18262337812050866,0.32815688864444426,0.471940059583869,191.38990819102702,194.5830491024994,202.9711601857648
2478107.9517293232,2072.728229158293,0.16322738004833612,0.3084717476601162,0.4534373064236522,191.7205624532782,195.28229879535786,205.33824077828703
2478302.019398496,2073.2595688277515,0.1453661236968866,0.28871273235286965,0.43477764604668984,192.08006573175004,196.07824752296276,208.34916353241954
2478496.087067669,2073.7909084972107,0.1286115386284488,0.2689735965279258,0.41593665838569494,192.47334906533627,196.99499114405538,212.29394673587896
2478690.154736842,2074.3222481666708,0.11469394997887687,0.2493893388948567,0.3969848560539042,192.90131619348486,198.04544181096435,217.65964294157473
2478884.222406015,2074.85358783613,0.10149950723568334,0.23021615508109938,0.3778194766544806,193.37577936888766,199.28519230280835,225.15000191287493
2479078.2900751876,2075.384927505589,0.09216325876514318,0.21146524633215746,0.35869180115030697,193.89699361138764,200.75573563947242,235.69323332080995
2479272.357744361,2075.916267175049,0.08509918204986916,0.19350860555024826,0.33936708485890255,194.48232258450574,202.5295075937653,250.81791208472845
2479466.4254135336,2076.4476068445083,0.0797250478704285,0.17676075914324618,0.32036463106647106,195.13809192332454,204.73024239928267,270.29561826117964
2479660.4930827064,2076.978946513967,0.07569936812920051,0.16202915505942983,0.3018705419622027,195.88107397148033,207.48046691364897,290.8830562441417
2479854.5607518796,2077.5102861834275,0.07311677333240295,0.14946890480104993,0.2843396989114097,196.7191601011208,211.04932140687905,307.818045510547
2480048.6284210524,2078.041625852886,0.07122622631541092,0.1398335729340192,0.26853854926283227,197.68420177217942,215.7519128393668,320.192695316617
2480242.696090225,2078.5729655223454,0.06900639362560858,0.132626126214207,0.2543232330323082,198.79974777649755,222.09359547796578,328.7649271080495
2480436.7637593984,2079.1043051918055,0.0680243363961281,0.1279915929193655,0.24367721604515216,200.11226382005708,231.08158147722904,334.85094576916947
2480630.831428571,2079.6356448612646,0.06652366020457784,0.12391962756273114,0.23696279147969304,201.6869785146847,243.77934711579212,339.32763823136446
2480824.8990977444,2080.166984530725,0.06620731552596992,0.12074718564244731,0.23274190248377558,203.57833164477356,261.04326773717105,342.70867794963897
2481018.966766917,2080.698324200184,0.06666849311908817,0.12128495840300782,0.23177076039943606,205.952347196804,281.17306656211787,345.3371900959661
2481213.03443609,2081.229663869643,0.06751558546423135,0.1225618197947107,0.23644587393722824,208.93051131337126,299.8499282489833,347.43578582224774
2481407.102105263,2081.761003539103,0.06829050169082296,0.125204044602304,0.24100312578113506,212.78784638264185,314.1886017059847,349.1534055779177
2481601.169774436,2082.292343208562,0.06871640583131008,0.13082509362281253,0.2519296278760344,217.9646219757543,324.47138684639566,350.5683460344154
2481795.2374436087,2082.823682878021,0.07053754318346457,0.13966664792361455,0.26443895385821614,224.98423392520144,331.76982764899554,351.7577717874571
2481989.305112782,2083.3550225474814,0.07240736633908708,0.14800067053337046,0.27896783747764337,234.8706376631318,337.01544135145497,352.7857525971718
2482183.3727819547,2083.88636221694,0.07604912485881354,0.15887248869243392,0.2960099298242348,248.755001985241,340.9079375144283,353.6669168949135
2482377.4404511275,2084.4177018863993,0.08010847749633562,0.17282550743833847,0.3147557023328292,266.72883167350733,343.8833692593234,354.4346770281741
2482571.5081203007,2084.94904155586,0.08467442417956382,0.1884010323469596,0.33311498155820474,286.4459688480855,346.2523526499496,355.11999595950624
2482765.5757894735,2085.4803812253185,0.09049603372990384,0.2053636101908063,0.3524254534946519,303.76978557235515,348.14915827208455,355.72564436996134
2482959.6434586463,2086.0117208947777,0.09861237914776029,0.2239910591136745,0.37167797584682666,316.83618514770984,349.7168368596587,356.2697203527928
2483153.7111278195,2086.5430605642377,0.10966466196993052,0.24300698648700417,0.3909205021158357,326.17100396342397,351.01958628192267,356.75384769859176
2483347.7787969923,2087.074400233697,0.1208597202512086,0.26197523488538194,0.4098875100929932,332.880558051197,352.13826669430176,357.19642404786674
2483541.846466165,2087.605739903156,0.1343353742418632,0.2815286581375188,0.42864849017539786,337.75275021763395,353.0983545143175,357.5998023521981
2483735.9141353383,2088.137079572616,0.1513038777368216,0.30114471793976966,0.4471902571255845,341.407008180942,353.9544480782716,357.9673339517868
2483929.981804511,2088.6684192420753,0.16865774947927106,0.32069686772169237,0.4655013111372065,344.2766982397888,354.6837514358201,358.3055111983134
2484124.049473684,2089.199758911534,0.18751788801072547,0.3401630963082948,0.48355640683029694,346.55693637799527,355.3296591267711,358.619587498641
2484318.117142857,2089.7310985809945,0.20669778851230647,0.3595278301199723,0.5013421995569418,348.3912841403573,355.91022599039985,358.9108394468863
2484512.18481203,2090.262438250453,0.22595806697486695,0.37868293920481483,0.5188412149995651,349.89449645562337,356.4312812460059,359.18250312026265
2484706.2524812026,2090.7937779199124,0.2454274485492921,0.39759050334574486,0.5360483326410513,351.17659315881815,356.90030680466083,359.4366134669562
2484900.320150376,2091.3251175893724,0.2649266192093779,0.4163823892844024,0.5529122205447078,352.26177975541935,357.3288431932516,359.6770913030913
2485094.3878195486,2091.8564572588316,0.2843973115765538,0.43504699210325903,0.5694258302713697,353.21281495086396,357.72117949198105,359.9025521970353
2485288.4554887214,2092.3877969282908,0.30389606803115554,0.453458033790859,0.5855885551504825,354.0291359498267,358.08092205314557,0.11506844373833579
2485482.5231578946,2092.919136597751,0.3233088440069681,0.4715974197509639,0.6013715970368377,354.75919907100166,358.4128089603356,0.31626424203589915
2485676.5908270674,2093.45047626721,0.3424662597437645,0.48950159289110456,0.6167426645784247,355.4019439791621,358.721761928247,0.5069800230722891
2485870.65849624,2093.9818159366687,0.3615631338269414,0.5070739974413752,0.6316946230130753,355.97632299669937,359.008935276577,0.6886185619149194
2486064.7261654134,2094.513155606129,0.38055117275978634,0.5244164806067665,0.646167322801951,356.4908677767286,359.2756387180283,0.8616048559649492
2486258.793834586,2095.044495275588,0.399378182726787,0.5415020309250098,0.6602609858880218,356.9563578551245,359.5263407614968,1.0266295678110497
2486452.8615037594,2095.5758349450484,0.41808603624523366,0.5582190096785609,0.6739073416340731,357.38095954719597,359.7625424193372,1.1853584879371786
2486646.929172932,2096.107174614507,0.4364796538869276,0.5745466189866201,0.6869173411396561,357.7704606331939,359.98342499552655,1.3382504155119264
2486840.996842105,2096.6385142839663,0.45466754735017256,0.5905463568876853,0.6993725115452406,358.1280309004948,0.19239793514534345,1.4866986866666343
2487035.064511278,2097.169853953427,0.4726347790375214,0.6060762270969863,0.7112449548922021,358.45910544751064,0.3904631928464748,1.6305504361468144
2487229.132180451,2097.7011936228855,0.4903589730463075,0.6212185285738251,0.7226353090270285,358.765743729566,0.579841758297898,1.7697869032224713
2487423.1998496237,2098.2325332923447,0.5078230416935399,0.6359477186803969,0.7334015001671992,359.05006380501413,0.7606134188793222,1.9039518677395761
2487617.267518797,2098.7638729618047,0.525082805074871,0.650317692429774,0.7433657667655755,359.31419387833404,0.9315227306421252,2.0344536259719583
2487811.3351879697,2099.295212631264,0.5420539442155029,0.6640725150405529,0.752606689650198,359.5640240590125,1.0961184454969843,2.161622556716126
2488005.4028571425,2099.826552300723,0.5585565081871009,0.6773551586634889,0.7611653518361116,359.79967977738465,1.254309639068003,2.2850885642149152
2488199.4705263157,2100.357891970183,0.5746933253997746,0.6902148098871648,0.768928079466058,0.019766786066369384,1.4061073430513364,2.4058405451368223
2488393.5381954885,2100.8892316396423,0.5905810839118788,0.7024341735281706,0.7756719596680558,0.22822135154608897,1.5526820199181557,2.524631043439379
2488587.6058646613,2101.420571309101,0.6060600396647319,0.7140776145731726,0.7810098077054115,0.4280206036701158,1.69368476959839,2.6416529259561123
2488781.6735338345,2101.9519109785615,0.6212422056901827,0.7250237016686094,0.7854257564914756,0.6145720785892905,1.8308372127205204,2.756766392452106
2488975.7412030073,2102.48325064802,0.6359549949186907,0.7353088966438346,0.7889111659413616,0.7968715933248025,1.9629123998442486,2.870385892317141
2489169.80887218,2103.0145903174794,0.6501895206504978,0.7446129102821109,0.7911040946394585,0.9704907774680678,2.091752607564872,2.983112253744975
2489363.8765413533,2103.5459299869394,0.6637978353174099,0.7527633218364169,0.7930584007817265,1.1349483608649582,2.2171822744939926,3.0950778702213255
2489557.944210526,2104.0772696563986,0.676693271646748,0.7600597265087439,0.7941240212690407,1.2937941686900445,2.341060616968434,3.206405262135746
2489752.011879699,2104.6086093258577,0.6882124116055642,0.7663847434805696,0.7946168203127131,1.4437941554379246,2.461556024328296,3.3169422587482176
2489946.079548872,2105.139948995318,0.6985520276670221,0.7712854438378691,0.7949298080790953,1.5917450866010738,2.5803748739842893,3.426795554904955
2490140.147218045,2105.671288664777,0.7075170088993809,0.7745055097129019,0.7952292381871153,1.7329076310052738,2.6967754990573867,3.538401272925528
2490334.2148872176,2106.2026283342357,0.715834419403863,0.7771484104859151,0.795390969246086,1.8691893189084061,2.8129541702352676,3.6516168935575295
2490528.282556391,2106.733968003696,0.7212065266670139,0.7789975976514796,0.7953488829598782,2.0025911486708097,2.926868339998328,3.7650724985691615
2490722.3502255636,2107.265307673155,0.7254222972659197,0.7802717360202238,0.7954342136785166,2.1318799885261175,3.040020114583923,3.8813639296768963
2490916.4178947364,2107.796647342614,0.7267343449924294,0.7811717362492865,0.7953842867881253,2.2578590899655473,3.151924093000784,3.9991551761499053
2491110.4855639096,2108.327987012074,0.7269277974656344,0.7812562262901672,0.7952042031569553,2.380993841164791,3.2636036937575383,4.118522293416149
2491304.5532330824,2108.8593266815333,0.7238235129514593,0.7806323836072966,0.7948535686527931,2.5020857499387215,3.375222950101893,4.241989151087091
2491498.6209022556,2109.3906663509933,0.7187634127228854,0.779715156133604,0.7946036560463642,2.6221858494170576,3.4874226234923964,4.370047263251129
2491692.6885714284,2109.9220060204525,0.70895150877031,0.7777683811009655,0.7941890963549509,2.739394199719874,3.60004004898543,4.502191650606672
2491886.756240601,2110.4533456899117,0.6981445903877348,0.7748794378124049,0.7937035270456843,2.854013105797256,3.714055574407134,4.640454866398453
2492080.8239097744,2110.9846853593717,0.683730721382688,0.7713650979424815,0.7931703526152644,2.9683947879337462,3.8305820680398814,4.787217840228458
2492274.891578947,2111.516025028831,0.6648668834152005,0.7664631541561513,0.7923236152993718,3.081513646151416,3.947871920227281,4.941764257514614
2492468.95924812,2112.04736469829,0.6437578563364819,0.7596638480671913,0.7913256378478263,3.1938437319081023,4.067629675836255,5.106730738300325
2492663.026917293,2112.57870436775,0.6192605108470893,0.7514662961081657,0.7903382968190478,3.3060305358178623,4.1900331487946625,5.2846731413204235
2492857.094586466,2113.1100440372093,0.592251697625179,0.7407854582439459,0.7889780249490985,3.417565738777093,4.316695574114896,5.478720394754577
2493051.1622556387,2113.641383706668,0.562806303685809,0.727692322805051,0.7869236762362437,3.5286713041122386,4.448622805370957,5.691008617617803
2493245.229924812,2114.1727233761285,0.5311320229535361,0.7124268291559501,0.7840375786259134,3.641942217321524,4.5864174101261455,5.928519080602848
2493439.2975939848,2114.704063045587,0.49725291512491,0.6948155711396573,0.7806231305305271,3.7574809761452266,4.729697856831165,6.198496868486756
2493633.3652631575,2115.2354027150463,0.4611610024041245,0.6750382589712598,0.7756598194373047,3.873339644283906,4.88132941355227,6.5066054649364755
2493827.4329323308,2115.7667423845064,0.42296446525304027,0.6529415812448623,0.7691733095234847,3.9888859025236494,5.0401590638661125,6.857015952710227
2494021.5006015035,2116.2980820539656,0.3830291465111646,0.628772680940731,0.7605342147958911,4.109980141330957,5.212695418899829,7.2934758383926095
2494215.5682706763,2116.8294217234247,0.3418209983539845,0.6022983899641097,0.7502913260005466,4.22740172150997,5.3949838403020705,7.809741863109843
2494409.6359398495,2117.360761392885,0.3005504316332499,0.573727989676099,0.7377740472069646,4.349065926236202,5.5940136366963085,8.455645837919478
2494603.7036090223,2117.892101062344,0.2609323929697158,0.54295822527997,0.7233128954930126,4.473226378986463,5.812773096410211,9.322929214860329
2494797.771278195,2118.4234407318027,0.2261556519914932,0.5099933824862811,0.7068309985036828,4.589971034857436,6.045571467482406,10.488028198697364
2494991.8389473683,2118.954780401263,0.19366727779631207,0.475262995374368,0.6881924497229058,4.711284351519228,6.30685489489554,12.092586851212344
2495185.906616541,2119.486120070722,0.1651253800111825,0.4402923010682043,0.6675661640924138,4.828835880098061,6.601724596090763,14.500125183637712
2495379.974285714,2120.017459740181,0.14398134129707424,0.4051804483935222,0.6452741448343827,4.944556673920281,6.941251122094338,18.744940463597676
2495574.041954887,2120.548799409641,0.1278084721888331,0.37085895990445317,0.6213937718824963,5.034897328852731,7.30647151262942,27.862568958934794
2495768.10962406,2121.0801390791003,0.1130350276151838,0.33822369169178884,0.5949386907014528,5.141256017958913,7.728952976700078,55.17100635572021
2495962.1772932326,2121.6114787485594,0.10575672368042505,0.3101124484608964,0.5695068515363791,5.19081523239887,8.187505548831277,112.28412722717157
2496156.244962406,2122.1428184180195,0.09746714858847327,0.29044047041393906,0.5439037306851029,5.194494463367844,8.635836386496223,150.25841330452187
2496350.3126315787,2122.6741580874786,0.08926003979708345,0.2741679397184103,0.5215014116301414,5.15375913865619,9.156477725258593,162.68122932829652
2496544.380300752,2123.2054977569387,0.08322327535578654,0.2635569096210144,0.5057332782066355,4.884977963414989,9.671609423246867,167.37702237141954
2496738.4479699247,2123.736837426398,0.07712891717188328,0.25108795295934216,0.4911938262950946,3.6405835247841214,10.134909528399325,169.78737593283063
2496932.5156390974,2124.2681770958566,0.07558455732083649,0.24750240177691765,0.4868912357881063,183.04254306203103,10.713359912538028,171.87434628139218
2497126.5833082707,2124.799516765317,0.07879020302832214,0.24913219171784864,0.48729791370241676,182.58862603087675,10.957234299793445,173.35812786791277
2497320.6509774434,2125.3308564347763,0.0818802892238603,0.2525367038902363,0.49289788518635935,182.28692908299027,10.853852267765655,174.11465736996115
2497514.718646616,2125.862196104235,0.08465298279755934,0.26208034522164125,0.5068351489311506,182.13534285073573,10.527391611261569,174.96726567757807
2497708.7863157894,2126.3935357736955,0.08805787297778524,0.27846271095834363,0.527910535001868,181.99286408216904,9.751120352456505,175.66469823957897
2497902.853984962,2126.924875443154,0.09406433141897,0.2977615919154649,0.5500709765804646,181.88789727282003,8.455270374210357,175.6157805348734
2498096.921654135,2127.4562151126133,0.1059806493420213,0.3197985108251895,0.5736857230482839,181.76236609137413,6.727442408625894,175.33719862465048
2498290.989323308,2127.9875547820734,0.12060567782037968,0.3470982340574958,0.6018089485682704,181.65274390335037,184.29480689235297,174.8170404505093
2498485.056992481,2128.5188944515326,0.1369230240420349,0.37980256895627285,0.6298936950841199,181.66783740877588,183.85630498143877,174.42868531643308
2498679.124661654,2129.0502341209917,0.15300440996934256,0.4139947500354677,0.6565186348315174,181.6910431837956,183.65693752400637,173.21155331733675
2498873.192330827,2129.581573790452,0.17125749756935588,0.4490658240230176,0.6822899556060011,181.751342906646,183.55545806197713,170.63617662362148
2499067.26,2130.112913459911,0.1981978637987059,0.48598054770878274,0.7061617749525583,181.80137015047248,183.48487858360693,161.53575759075176
