date,sep,sep_err,pa,pa_err
1909.5,1.0,0.1,190.0,2.0
1910.3,0.8,0.08,180.001,2.0
1912.66,0.65,0.08,187.0,2.0
1926.25,0.41,0.08,192.5,2.0
1930.39,0.37,0.08,194.0,2.0
1936.32,0.23,0.08,204.7,2.0
1937.83,0.24,0.08,204.1,2.0
1937.98,0.18,0.08,206.8,2.0
1959.25,0.18,0.08,348.7,1.0
1960.27,0.2,0.08,0.0,1.0
1963.85,0.26,0.08,358.7,1.0
1964.35,0.3,0.08,1.1,1.0
1967.28,0.32,0.08,1.9,1.0
1976.13,0.52,0.08,2.2,1.0
1979.21,0.59,0.08,1.1,1.0
1991.25,0.775,0.01,2.9,1.0
1991.3882,0.777,0.01,3.2,1.0
1996.1826,0.807,0.02,3.1,1.0
2004.086,0.78,0.01,3.0,1.0
2006.1913,0.745,0.01,3.7,1.0
2009.2638,0.7109,0.002,4.63,0.1
2009.2638,0.7114,0.002,4.63,0.1
2009.2638,0.6806,0.002,4.67,0.1
2011.0355,0.6806,0.002,5.07,0.1
2011.0355,0.683,0.002,4.98,0.1
2011.5097,0.614,0.088,3.07,0.82
2013.1272,0.6264,0.002,5.54,0.1
2013.1272,0.6255,0.002,5.54,0.1
2014.0581,0.5992,0.002,4.84,0.1
2015.1696,0.5679,0.002,5.8,0.1
2015.1696,0.5683,0.002,5.7,0.1
2016.0485,0.5423,0.002,5.94,0.1
2016.9603,0.5102,0.002,5.66,0.1
2018.0856,0.469,0.002,6.84,0.1
2018.22,0.431,0.112,22.64,3.6
2019.1399,0.4278,0.002,6.58,0.1
2019.9503,0.3926,0.002,7.16,0.1
2020.9961,0.3554,0.002,7.93,0.1
2021.3159,0.3414,0.002,7.22,0.1
2022.2018,0.3037,0.0002,8.1,0.1
2022.2018,0.3028,0.0002,8.2,0.1
2022.2881,0.2983,0.002,8.72,0.1
2022.2881,0.2999,0.002,8.7,0.1
2023.0099,0.2663,0.0001,8.7,0.1
2023.0099,0.2672,0.0001,9.1,0.1
2023.0095,0.267,0.002,9.31,0.1
2024.02,0.2255,0.002,10.11,0.1
2025.0426,0.1722,0.002,12.21,0.1
2025.9325,0.1328,0.002,15.68,0.1
