JD,year,x_lo_arcsec,x_med_arcsec,x_hi_arcsec,y_lo_arcsec,y_med_arcsec,y_hi_arcsec,xp_lo_arcsec,xp_med_arcsec,xp_hi_arcsec,yp_lo_arcsec,yp_med_arcsec,yp_hi_arcsec,rho_lo_arcsec,rho_med_arcsec,rho_hi_arcsec,q_lo_arcsec,q_med_arcsec,q_hi_arcsec,dust_inner_arcsec,dust_outer_arcsec,gas_inner_arcsec,gas_outer_arcsec
2460213.4479699247,2023.73470152342,0.0402204587939745,0.040342511672904,0.0404664811094236,0.2295568716902353,0.2297180242051408,0.2298758239204327,0.23191666432714705,0.23210470283535659,0.23229002745280775,-0.02299355242615573,-0.02291933276740102,-0.02284236551784779,0.2330537333873992,0.2332335501011637,0.23341043360672015,0.23332340699245852,0.23350128024912367,0.2336761683212342,0.05555555555555555,0.10222222222222221,0.035555555555555556,0.14222222222222222
2460488.072030075,2024.4865972820885,0.0379872520531249,0.0381279812673936,0.0382666056368159,0.193788551935696,0.1940914792556859,0.1943912141498869,0.1968654041061795,0.19719501723631055,0.19752098950692595,-0.015525683430762084,-0.015471601480074766,-0.015418688330581944,0.1974766674315768,0.19780102445434164,0.1981218747277311,0.19762179825499052,0.19794491015220406,0.19826454702017918,0.05555555555555555,0.10222222222222221,0.035555555555555556,0.14222222222222222
2460762.696090225,2025.2384930407568,0.0356231122805669,0.0357870494513467,0.0359478607693267,0.1573608115036064,0.1578329150943485,0.1583021275189512,0.1611438040854235,0.16164260254623536,0.16213777574027313,-0.008006592939950478,-0.007975652806682845,-0.007946945885941727,0.1613425893111531,0.1618392473895407,0.1623324128783811,0.16138984090251085,0.16188599070040263,0.1623786794091808,0.05555555555555555,0.10222222222222221,0.035555555555555556,0.14222222222222222
2461037.320150376,2025.9903887994271,0.0331389459636519,0.0333290151652004,0.0335151372066873,0.1204001063065684,0.1210550600595778,0.1217119320415239,0.1248765948368696,0.1255585351503368,0.12624126156053467,-0.0004597827347014444,-0.000452845240439384,-0.00045022535277538384,0.12487744127029034,0.12555935177401223,0.12624206439718738,0.12487764262163303,0.12555954603418368,0.1262422553776897,0.05555555555555555,0.10222222222222221,0.035555555555555556,0.14222222222222222
2461311.944210526,2026.742284558096,0.0305327834412282,0.0307610488690427,0.0309816105771486,0.0830149345321225,0.0838779313687751,0.0847362309211594,0.08816774807239851,0.08906033941862762,0.08994633483356179,0.007083672767963983,0.007071452528824802,0.007053075548080007,0.08845185255290883,0.08934063744024093,0.09022244191263133,0.08851930194601661,0.08940718621238634,0.09028799879532128,0.05555555555555555,0.10222222222222221,0.035555555555555556,0.14222222222222222
2461586.5682706763,2027.4941803167644,0.02782248196178,0.0280916618317784,0.0283481094463613,0.0453477859995893,0.0464178773886973,0.047485018206456,0.05115930682018868,0.052262366591583224,0.05335916052726109,0.014602654664680557,0.014574149854797613,0.014534175280225515,0.05320255818640793,0.05425643561590764,0.055303184928630796,0.053677162703932975,0.05472009285158318,0.055755656395824804,0.05555555555555555,0.10222222222222221,0.035555555555555556,0.14222222222222222
2461861.192330827,2028.2460760754343,0.0250157939471734,0.0253291676362279,0.025626272755435,0.0075214714936827,0.0088062823722224,0.0100858482827733,0.013971642610773166,0.015293396750643099,0.016605724192797135,0.022071603543796867,0.02202792223953201,0.02196998213362549,0.026122068835329998,0.02681636333217929,0.027539611306608366,0.028253293145204944,0.028888495904099736,0.029550831161384673,0.05555555555555555,0.10222222222222221,0.035555555555555556,0.14222222222222222
2462135.816390977,2028.9979718341028,0.0221194204764572,0.0224827710708671,0.0228274410369282,-0.0303256932853828,-0.0288324120789366,-0.027344621543367,-0.023260221998025306,-0.021724237261604714,-0.020198564525063616,0.029459777800519907,0.02940817057751354,0.029340047422784548,0.03753553563562702,0.03656204290400945,0.035620505213211175,0.04019166637794096,0.039274850739481344,0.03838748853148383,0.05555555555555555,0.10222222222222221,0.035555555555555556,0.14222222222222222
2462410.4404511275,2029.749867592772,0.019148701877895,0.0195644395419903,0.0199569131601748,-0.0680755221605182,-0.066375738639155,-0.0646873195918207,-0.06041832918619685,-0.05866936122870879,-0.05693759527024982,0.03675017005925359,0.0366934875352683,0.036617454085426715,0.07071739178614907,0.06919903160077898,0.06769584698382249,0.07295360470114115,0.0714758323615422,0.0700120729298532,0.05555555555555555,0.10222222222222221,0.035555555555555556,0.14222222222222222
2462685.064511278,2030.5017633514412,0.0161131388799893,0.0165831765364748,0.0170274230647916,-0.1056015981335233,-0.1037083423767344,-0.1018353437572448,-0.0973783638990635,-0.09542844838248576,-0.0935049795278258,0.0439179350295701,0.04386152370678774,0.043785718880526514,0.10682383054786967,0.10502581598145216,0.10324906960541395,0.10895024593606187,0.10718241180514224,0.10543451634559525,0.05555555555555555,0.10222222222222221,0.035555555555555556,0.14222222222222222
2462959.6885714284,2031.25365911011,0.0130219794605974,0.0135496015657542,0.0140472232923935,-0.1427729695893413,-0.1407192969728777,-0.1386793586396112,-0.13401171147839444,-0.13189180284788787,-0.12979319026124786,0.05093676453272983,0.05089267712220995,0.05082338789108591,0.14336559138939578,0.1413701250021787,0.13938898448198936,0.1455022105720447,0.14353273068752984,0.14157593358832182,0.05555555555555555,0.10222222222222221,0.035555555555555556,0.14222222222222222
2463234.3126315787,2032.0055548687787,0.0098891423733068,0.0104738426527462,0.0110275460671608,-0.1794780134537786,-0.1773027770997453,-0.1751272670221824,-0.17020711772881755,-0.1679547740044147,-0.1657105023111366,0.05779004693407605,0.05776824418590577,0.05771651280797305,0.1797502502089893,0.17761186938714554,0.17547411896608037,0.1819467176777609,0.1798327901887654,0.1777177581142109,0.05555555555555555,0.10222222222222221,0.035555555555555556,0.14222222222222222
2463508.936691729,2032.7574506274475,0.0067199108898319,0.0073695346367625,0.0079791885630554,-0.2156183033543578,-0.2133498850099065,-0.2110877336627397,-0.20586836127629524,-0.2035088089395906,-0.2011660414170726,0.06445640208072387,0.06447207270200003,0.06445093120802191,0.21572299354445076,0.21347712634964613,0.21123848785909383,0.21800166417999559,0.21578062872370293,0.21356461933299528,0.05555555555555555,0.10222222222222221,0.035555555555555556,0.14222222222222222
2463783.56075188,2033.5093463861167,0.0035344781068269,0.0042395297510254,0.0049063608996849,-0.2511128105928776,-0.2487819200072143,-0.2464604156922226,-0.2409119679879537,-0.23847733906685936,-0.23606202889912195,0.07093348898449336,0.07098574565767411,0.0710037139344925,0.2511376837102351,0.24881804061399126,0.24650924704858665,0.25350948527739253,0.2512152552616435,0.24892991570751782,0.05555555555555555,0.10222222222222221,0.035555555555555556,0.14222222222222222
2464058.18481203,2034.2612421447857,0.0003331646338918,0.0011015732840488,0.0018232482725836,-0.2858498922919673,-0.2835172587521307,-0.2811804358680637,-0.2752303214051838,-0.2727769757811971,-0.27033216274556826,0.07719159346199429,0.07730440451673502,0.07737107686029292,0.2858500864474289,0.2835193987613947,0.28118634701780554,0.2883187615420233,0.2860154398615084,0.2837072387195752,0.05555555555555555,0.10222222222222221,0.035555555555555556,0.14222222222222222
