date,pa,sep,sep_err,pa_err
1910.3,180.001,0.8,0.08,2
1912.66,187.0,0.65,0.08,2
1926.25,192.5,0.41,0.08,2
1930.39,194.0,0.37,0.08,2
1936.32,204.7,0.23,0.08,2
1937.83,204.1,0.24,0.08,2
1937.98,206.8,0.18,0.08,2
1959.25,348.7,0.18,0.08,2
1960.27,0.0,0.20,0.08,2
1963.85,358.7,0.26,0.08,2
1964.35,1.1,0.30,0.08,2 
1967.28,1.9,0.32,0.08,2 
1976.13,2.2,0.52,0.08,2 
1979.21,1.1,0.59,0.08,2 
1991.25,2.9,0.775,0.08,2   
1991.3882,3.2,0.777,0.08,2
1996.1826,3.1,0.807,0.02,1
2004.086,3.0,0.78,0.01,1
2006.1913,3.7,0.745,0.01,1
2009.2638,4.63,0.7109,0.002,0.1
2009.2638,4.63,0.7114,0.002,0.1
2009.2638,4.67,0.6806,0.002,0.1
2011.0355,5.07,0.6806,0.002,0.1
2011.0355,4.98,0.6830,0.002,0.1
2011.5097,3.07,0.614,0.088,0.82
2013.1272,5.54,0.6264,0.002,0.1
2013.1272,5.54,0.6255,0.002,0.1
2014.0581,4.84,0.5992,0.002,0.1
2015.1696,5.80,0.5679,0.002,0.1
2015.1696,5.70,0.5683,0.002,0.1
2016.0485,5.94,0.5423,0.002,0.1
2016.9603,5.66,0.5102,0.002,0.1
2018.0856,6.84,0.4690,0.002,0.1
2019.1399,6.58,0.4278,0.002,0.1
2019.9503,7.16,0.3926,0.002,0.1
2020.9961,7.93,0.3554,0.002,0.1
2021.3159,7.22,0.3414,0.002,0.1
2022.2018,8.1,0.3037,0.0002,0.1
2022.2018,8.2,0.3028,0.0002,0.1
2022.2881,8.72,0.2983,0.002,0.1
2022.2881,8.70,0.2999,0.002,0.1
2023.0099,8.7,0.2663,0.0001,0.1
2023.0099,9.1,0.2672,0.0001,0.1
2023.0095,9.31,0.2670,0.002,0.1
2024.0200,10.11,0.2255,0.002,0.1
2025.0426,12.21,0.1722,0.002,0.1
2025.9325,15.68,0.1328,0.002,0.1